street1,street2,city,state,postcode
123 Main Street,Apt 4B,New York,NY,10001
456 Oak Avenue,,Los Angeles,CA,90012
789 Elm Street,Suite 200,Chicago,IL,60601
1010 Pine Road,Unit 5,Houston,TX,77001
2020 Maple Drive,,Phoenix,AZ,85001
3030 Cedar Lane,Apt 12,Philadelphia,PA,19101
4040 Birch Boulevard,,San Antonio,TX,78201
5050 Walnut Street,Suite 300,San Diego,CA,92101
6060 Cherry Way,,Dallas,TX,75201
7070 Spruce Court,Apt 8A,San Jose,CA,95101
8080 Willow Lane,,Austin,TX,78701
9090 Ash Drive,Unit 3C,Jacksonville,FL,32099
1111 Poplar Avenue,,Fort Worth,TX,76101
2222 Hickory Street,Apt 15,Columbus,OH,43085
3333 Magnolia Boulevard,,Charlotte,NC,28201
4444 Dogwood Lane,Suite 100,San Francisco,CA,94101
5555 Redwood Drive,,Indianapolis,IN,46201
6666 Cypress Road,Apt 22,Seattle,WA,98101
7777 Juniper Way,,Denver,CO,80201
8888 Sycamore Court,Unit 7,Washington,DC,20001
9999 Chestnut Street,,Nashville,TN,37201
1234 Peachtree Lane,Apt 6,Oklahoma City,OK,73101
2345 Laurel Avenue,,El Paso,TX,79901
3456 Hawthorn Drive,Suite 400,Boston,MA,02101
4567 Mulberry Road,,Portland,OR,97201
5678 Cottonwood Street,Apt 9B,Las Vegas,NV,89101
6789 Beech Lane,,Memphis,TN,38101
7890 Alder Boulevard,Unit 11,Louisville,KY,40201
8901 Hemlock Way,,Baltimore,MD,21201
9012 Fir Court,Apt 3,Milwaukee,WI,53201
1122 Linden Street,,Albuquerque,NM,87101
2233 Aspen Drive,Suite 500,Tucson,AZ,85701
3344 Palm Avenue,,Fresno,CA,93701
4455 Olive Road,Apt 14,Sacramento,CA,95801
5566 Ivy Lane,,Mesa,AZ,85201
6677 Holly Boulevard,Unit 2A,Kansas City,MO,64101
7788 Vine Street,,Atlanta,GA,30301
8899 Rose Way,Apt 20,Omaha,NE,68101
9900 Daisy Court,,Colorado Springs,CO,80901
1213 Lily Drive,Suite 150,Raleigh,NC,27601
1314 Iris Avenue,,Long Beach,CA,90801
1415 Orchid Road,Apt 5C,Virginia Beach,VA,23450
1516 Tulip Lane,,Miami,FL,33101
1617 Violet Street,Unit 8,Oakland,CA,94601
1718 Jasmine Boulevard,,Minneapolis,MN,55401
1819 Lavender Way,Apt 17,Tampa,FL,33601
1920 Sage Court,,Tulsa,OK,74101
2021 Thyme Drive,Suite 250,Arlington,TX,76001
2122 Basil Avenue,,New Orleans,LA,70112
2223 Mint Road,Apt 10,Bakersfield,CA,93301
2324 Rosemary Lane,,Wichita,KS,67201
2425 Fennel Street,Unit 4,Aurora,CO,80010
2526 Clover Boulevard,,Anaheim,CA,92801
2627 Dill Way,Apt 13,Santa Ana,CA,92701
2728 Parsley Court,,St. Louis,MO,63101
2829 Tarragon Drive,Suite 600,Riverside,CA,92501
2930 Oregano Avenue,,Corpus Christi,TX,78401
3031 Cinnamon Road,Apt 2B,Lexington,KY,40501
3132 Ginger Lane,,Pittsburgh,PA,15201
3233 Nutmeg Street,Unit 6,Anchorage,AK,99501
3334 Cardamom Boulevard,,Stockton,CA,95201
3435 Cumin Way,Apt 19,Cincinnati,OH,45201
3536 Paprika Court,,St. Paul,MN,55101
3637 Saffron Drive,Suite 350,Toledo,OH,43601
3738 Turmeric Avenue,,Newark,NJ,07101
3839 Vanilla Road,Apt 7D,Greensboro,NC,27401
3940 Cocoa Lane,,Plano,TX,75023
4041 Mocha Street,Unit 9,Henderson,NV,89002
4142 Caramel Boulevard,,Lincoln,NE,68501
4243 Toffee Way,Apt 16,Buffalo,NY,14201
4344 Honey Court,,Chandler,AZ,85224
4445 Amber Drive,Suite 450,Fort Wayne,IN,46801
4546 Coral Avenue,,Jersey City,NJ,07301
4647 Pearl Road,Apt 11A,St. Petersburg,FL,33701
4748 Ruby Lane,,Chula Vista,CA,91910
4849 Sapphire Street,Unit 5B,Norfolk,VA,23501
4950 Emerald Boulevard,,Orlando,FL,32801
5051 Diamond Way,Apt 21,Laredo,TX,78040
5152 Topaz Court,,Madison,WI,53701
5253 Opal Drive,Suite 175,Lubbock,TX,79401
5354 Jade Avenue,,Chandler,AZ,85225
5455 Onyx Road,Apt 4,Winston-Salem,NC,27101
5556 Garnet Lane,,Glendale,AZ,85301
5657 Quartz Street,Unit 12,Garland,TX,75040
5758 Marble Boulevard,,Hialeah,FL,33010
5859 Granite Way,Apt 18,Reno,NV,89501
5960 Slate Court,,Chesapeake,VA,23320
6061 Cobalt Drive,Suite 225,Gilbert,AZ,85233
6162 Bronze Avenue,,Baton Rouge,LA,70801
6263 Silver Road,Apt 8C,Irving,TX,75060
6364 Gold Lane,,Scottsdale,AZ,85251
6465 Platinum Street,Unit 3A,North Las Vegas,NV,89030
6566 Copper Boulevard,,Fremont,CA,94536
6667 Nickel Way,Apt 14B,Irvine,CA,92602
6768 Zinc Court,,Rochester,NY,14601
6869 Iron Drive,Suite 550,San Bernardino,CA,92401
6970 Steel Avenue,,Spokane,WA,99201
7071 Titanium Road,Apt 6D,Richmond,VA,23219
7172 Chrome Lane,,Boise,ID,83701
7273 Brass Street,Unit 10,Des Moines,IA,50301
7374 Pewter Boulevard,,Montgomery,AL,36101
7475 Alloy Way,Apt 23,Fayetteville,NC,28301
7576 Carbon Court,,Tacoma,WA,98401
7677 Neon Drive,Suite 700,Oxnard,CA,93030
7778 Argon Avenue,,Knoxville,TN,37901
7879 Helium Road,Apt 1A,Akron,OH,44301
7980 Xenon Lane,,Shreveport,LA,71101
8081 Krypton Street,Unit 15,Mobile,AL,36601
8182 Radon Boulevard,,Augusta,GA,30901
8283 Lithium Way,Apt 25,Little Rock,AR,72201
8384 Sodium Court,,Amarillo,TX,79101
8485 Calcium Drive,Suite 125,Huntington Beach,CA,92646
8586 Potassium Avenue,,Salt Lake City,UT,84101
8687 Magnesium Road,Apt 9,Tallahassee,FL,32301
8788 Phosphorus Lane,,Grand Rapids,MI,49501
8889 Sulfur Street,Unit 7B,Overland Park,KS,66204
8990 Chlorine Boulevard,,Yonkers,NY,10701
9091 Fluorine Way,Apt 12C,Tempe,AZ,85281
9192 Bromine Court,,Huntsville,AL,35801
9293 Iodine Drive,Suite 800,Providence,RI,02901
9394 Boron Avenue,,Brownsville,TX,78520
9495 Silicon Road,Apt 3D,Chattanooga,TN,37401
9596 Germanium Lane,,Fort Lauderdale,FL,33301
9697 Arsenic Street,Unit 2,Savannah,GA,31401
9798 Selenium Boulevard,,Bridgeport,CT,06601
9899 Tellurium Way,Apt 20B,Dayton,OH,45401
100 Bismuth Court,,Sioux Falls,SD,57101
101 Antimony Drive,Suite 950,Rockford,IL,61101
102 Tin Avenue,,Paterson,NJ,07501
103 Lead Road,Apt 5A,Syracuse,NY,13201
104 Mercury Lane,,McAllen,TX,78501
105 Cadmium Street,Unit 11C,Torrance,CA,90501
106 Barium Boulevard,,Pasadena,TX,77501
107 Strontium Way,Apt 16D,Joliet,IL,60431
108 Rubidium Court,,Naperville,IL,60540
109 Cesium Drive,Suite 275,Bellevue,WA,98004
110 Francium Avenue,,Macon,GA,31201
111 Radium Road,Apt 7A,Topeka,KS,66601
112 Thorium Lane,,Eugene,OR,97401
113 Uranium Street,Unit 4C,Peoria,IL,61601
114 Plutonium Boulevard,,Hayward,CA,94541
115 Neptunium Way,Apt 22B,Pomona,CA,91766
116 Americium Court,,Escondido,CA,92025
117 Curium Drive,Suite 325,Sunnyvale,CA,94085
118 Berkelium Avenue,,Palmdale,CA,93550
119 Californium Road,Apt 8,Roseville,CA,95678
120 Einsteinium Lane,,Surprise,AZ,85374
121 Fermium Street,Unit 6A,Clarksville,TN,37040
122 Mendelevium Boulevard,,Springfield,MO,65801
123 Nobelium Way,Apt 13C,Salinas,CA,93901
124 Lawrencium Court,,Murfreesboro,TN,37127
125 Rutherfordium Drive,Suite 100,Killeen,TX,76541
126 Dubnium Avenue,,Corona,CA,92879
127 Seaborgium Road,Apt 2C,Denton,TX,76201
128 Bohrium Lane,,Miramar,FL,33023
129 Hassium Street,Unit 9A,Frisco,TX,75034
130 Meitnerium Boulevard,,Midland,TX,79701
131 Darmstadtium Way,Apt 15B,Carrollton,TX,75006
132 Roentgenium Court,,West Valley City,UT,84119
133 Copernicium Drive,Suite 450,Round Rock,TX,78664
134 Nihonium Avenue,,Sterling Heights,MI,48310
135 Flerovium Road,Apt 11,High Point,NC,27260
136 Moscovium Lane,,Murrieta,CA,92562
137 Livermorium Street,Unit 3B,West Jordan,UT,84084
138 Tennessine Boulevard,,Lewisville,TX,75029
139 Oganesson Way,Apt 19C,Columbia,SC,29201
140 Hydrogen Court,,Pueblo,CO,81001
141 Oxygen Drive,Suite 575,Allen,TX,75002
142 Nitrogen Avenue,,Beaumont,TX,77701
143 Carbon Road,Apt 4D,West Palm Beach,FL,33401
144 Sulfur Lane,,Abilene,TX,79601
145 Phosphorus Street,Unit 8B,Pearland,TX,77581
146 Chlorine Boulevard,,Arvada,CO,80001
147 Argon Way,Apt 24,Rochester,MN,55901
148 Neon Court,,Independence,MO,64050
149 Helium Drive,Suite 650,Cambridge,MA,02139
150 Krypton Avenue,,Wilmington,NC,28401
151 Xenon Road,Apt 10C,North Charleston,SC,29405
152 Radon Lane,,Broken Arrow,OK,74011
153 Francium Street,Unit 5D,Lansing,MI,48901
154 Radium Boulevard,,College Station,TX,77840
155 Actinium Way,Apt 17A,Lakeland,FL,33801
156 Protactinium Court,,Richardson,TX,75080
157 Thorium Drive,Suite 200,Clearwater,FL,33755
158 Uranium Avenue,,Westminster,CO,80030
159 Neptunium Road,Apt 6B,Waco,TX,76701
160 Plutonium Lane,,Manchester,NH,03101
161 Americium Street,Unit 14,Waterbury,CT,06701
162 Curium Boulevard,,Fargo,ND,58102
163 Berkelium Way,Apt 21A,West Covina,CA,91790
164 Californium Court,,Lowell,MA,01851
165 Einsteinium Drive,Suite 300,South Bend,IN,46601
166 Fermium Avenue,,Tyler,TX,75701
167 Mendelevium Road,Apt 12B,Davie,FL,33314
168 Nobelium Lane,,Centennial,CO,80112
169 Lawrencium Street,Unit 7C,Edinburg,TX,78539
170 Rutherfordium Boulevard,,Temecula,CA,92590
171 Dubnium Way,Apt 3A,Provo,UT,84601
172 Seaborgium Court,,Las Cruces,NM,88001
173 Bohrium Drive,Suite 425,Sparks,NV,89431
174 Hassium Avenue,,Greeley,CO,80631
175 Meitnerium Road,Apt 9D,Lake Forest,CA,92630
176 Darmstadtium Lane,,Davenport,IA,52801
177 Roentgenium Street,Unit 2B,South Gate,CA,90280
178 Copernicium Boulevard,,Mission,TX,78572
179 Nihonium Way,Apt 18C,Fishers,IN,46037
180 Flerovium Court,,Meridian,ID,83642
181 Moscovium Drive,Suite 525,Sandy Springs,GA,30328
182 Livermorium Avenue,,Longmont,CO,80501
183 Tennessine Road,Apt 14A,Federal Way,WA,98003
184 Oganesson Lane,,Bend,OR,97701
185 Sunrise Boulevard,Unit 11B,Nampa,ID,83651
186 Sunset Drive,,Roanoke,VA,24011
187 Moonlight Way,Apt 5B,Tuscaloosa,AL,35401
188 Starlight Court,,Kennewick,WA,99336
189 Twilight Avenue,Suite 150,Orem,UT,84057
190 Dawn Road,,Billings,MT,59101
191 Dusk Lane,Apt 20C,Pompano Beach,FL,33060
192 Horizon Street,,Pueblo,CO,81003
193 Eclipse Boulevard,Unit 6C,Edmond,OK,73003
194 Solstice Way,,Rochester Hills,MI,48307
195 Equinox Court,Apt 8B,Peoria,AZ,85345
196 Aurora Drive,Suite 275,Clovis,CA,93611
197 Zenith Avenue,,College Station,TX,77845
198 Meridian Road,Apt 16A,Jurupa Valley,CA,91752
199 Compass Lane,,Lee's Summit,MO,64063
200 Cardinal Street,Unit 4A,Sandy,UT,84070
201 Falcon Boulevard,,Broomfield,CO,80020
202 Eagle Way,Apt 7C,New Braunfels,TX,78130
203 Hawk Court,,Goodyear,AZ,85338
204 Osprey Drive,Suite 350,Weston,FL,33326
205 Robin Avenue,,Buckeye,AZ,85326
206 Sparrow Road,Apt 11C,Menifee,CA,92584
207 Finch Lane,,Castle Rock,CO,80104
208 Wren Street,Unit 9B,Port St. Lucie,FL,34952
209 Dove Boulevard,,Flower Mound,TX,75022
210 Crane Way,Apt 2A,Mansfield,TX,76063
211 Heron Court,,Georgetown,TX,78626
212 Pelican Drive,Suite 600,Pflugerville,TX,78660
213 Flamingo Avenue,,Conroe,TX,77301
214 Toucan Road,Apt 13B,Spring Hill,TN,37174
215 Parrot Lane,,Ankeny,IA,50021
216 Macaw Street,Unit 8A,Apex,NC,27502
217 Cockatoo Boulevard,,Dublin,CA,94568
218 Canary Way,Apt 22C,Southlake,TX,76092
219 Oriole Court,,Keller,TX,76248
220 Bluebird Drive,Suite 175,Rocklin,CA,95677
221 Tanager Avenue,,Marana,AZ,85653
222 Warbler Road,Apt 4B,Queen Creek,AZ,85142
223 Thrush Lane,,Sarasota,FL,34230
224 Nightingale Street,Unit 12A,Bozeman,MT,59715
225 Lark Boulevard,,Sioux City,IA,51101
226 Swallow Way,Apt 15D,Rapid City,SD,57701
227 Martin Court,,Flagstaff,AZ,86001
228 Kingfisher Drive,Suite 400,Duluth,MN,55801
229 Woodpecker Avenue,,Missoula,MT,59801
230 Owl Road,Apt 6A,Asheville,NC,28801
231 Raven Lane,,Charlottesville,VA,22901
232 Crow Street,Unit 3C,Boulder,CO,80301
233 Magpie Boulevard,,Ann Arbor,MI,48103
234 Jay Way,Apt 10B,Santa Fe,NM,87501
235 Starling Court,,Gainesville,FL,32601
236 Pigeon Drive,Suite 225,Athens,GA,30601
237 Seagull Avenue,,Greenville,SC,29601
238 Albatross Road,Apt 19A,Pensacola,FL,32501
239 Condor Lane,,Chattanooga,TN,37402
240 Vulture Street,Unit 7A,Lexington,SC,29072
241 Buzzard Boulevard,,Columbia,MO,65201
242 Kite Way,Apt 14C,Bloomington,IN,47401
243 Falcon Court,,Iowa City,IA,52240
244 Peregrine Drive,Suite 550,State College,PA,16801
245 Merlin Avenue,,Lawrence,KS,66044
246 Goshawk Road,Apt 8D,Ithaca,NY,14850
247 Harrier Lane,,Burlington,VT,05401
248 Kestrel Street,Unit 5A,Olympia,WA,98501
249 Hobby Boulevard,,Helena,MT,59601
250 Caracara Way,Apt 21B,Juneau,AK,99801
251 Osprey Court,,Honolulu,HI,96801
252 Condor Drive,Suite 125,Cheyenne,WY,82001
253 Albatross Avenue,,Bismarck,ND,58501
254 Petrel Road,Apt 3B,Pierre,SD,57501
255 Shearwater Lane,,Montpelier,VT,05601
256 Fulmar Street,Unit 10C,Concord,NH,03301
257 Gannet Boulevard,,Augusta,ME,04330
258 Booby Way,Apt 17B,Dover,DE,19901
259 Cormorant Court,,Annapolis,MD,21401
260 Frigatebird Drive,Suite 300,Harrisburg,PA,17101
261 Tropicbird Avenue,,Trenton,NJ,08601
262 Skua Road,Apt 12A,Hartford,CT,06101
263 Jaeger Lane,,Albany,NY,12201
264 Tern Street,Unit 6B,Frankfort,KY,40601
265 Gull Boulevard,,Jefferson City,MO,65101
266 Plover Way,Apt 9C,Carson City,NV,89701
267 Sandpiper Court,,Salem,OR,97301
268 Curlew Drive,Suite 475,Olympia,WA,98502
269 Avocet Avenue,,Sacramento,CA,95814
270 Stilt Road,Apt 2D,Springfield,IL,62701
271 Hummingbird Lane,,Lansing,MI,48933
272 Swift Street,Unit 8C,Columbus,OH,43215
273 Nightjar Boulevard,,Indianapolis,IN,46204
274 Whippoorwill Way,Apt 11A,Nashville,TN,37203
275 Potoo Court,,Montgomery,AL,36104
276 Frogmouth Drive,Suite 200,Jackson,MS,39201
277 Oilbird Avenue,,Baton Rouge,LA,70802
278 Hoatzin Road,Apt 5C,Little Rock,AR,72202
279 Turaco Lane,,Oklahoma City,OK,73102
280 Mousebird Street,Unit 4B,Austin,TX,78702
281 Cuckoo Boulevard,,Santa Fe,NM,87502
282 Roadrunner Way,Apt 18A,Phoenix,AZ,85003
283 Quetzal Court,,Denver,CO,80202
284 Trogon Drive,Suite 625,Salt Lake City,UT,84102
285 Motmot Avenue,,Boise,ID,83702
286 Kingfisher Road,Apt 7B,Cheyenne,WY,82002
287 Bee-eater Lane,,Helena,MT,59602
288 Roller Street,Unit 13A,Bismarck,ND,58502
289 Hornbill Boulevard,,St. Paul,MN,55102
290 Toucan Way,Apt 20A,Madison,WI,53703
291 Barbet Court,,Des Moines,IA,50302
292 Woodpecker Drive,Suite 150,Lincoln,NE,68502
293 Puffin Avenue,,Topeka,KS,66602
294 Auk Road,Apt 16B,Jefferson City,MO,65102
295 Murre Lane,,Springfield,IL,62702
296 Guillemot Street,Unit 2C,Frankfort,KY,40602
297 Razorbill Boulevard,,Charleston,WV,25301
298 Dovekie Way,Apt 10A,Richmond,VA,23220
299 Auklet Court,,Raleigh,NC,27602
300 Puffin Drive,Suite 350,Columbia,SC,29202
301 Meadowlark Avenue,,Atlanta,GA,30302
302 Bunting Road,Apt 14B,Tallahassee,FL,32302
303 Grosbeak Lane,,Trenton,NJ,08602
304 Towhee Street,Unit 9C,Hartford,CT,06102
305 Junco Boulevard,,Providence,RI,02902
306 Siskin Way,Apt 6C,Boston,MA,02102
307 Crossbill Court,,Concord,NH,03302
308 Redpoll Drive,Suite 475,Montpelier,VT,05602
309 Goldfinch Avenue,,Augusta,ME,04331
310 Linnet Road,Apt 3A,Dover,DE,19902
311 Serin Lane,,Annapolis,MD,21402
312 Canary Street,Unit 11B,Harrisburg,PA,17102
313 Bullfinch Boulevard,,Albany,NY,12202
314 Chaffinch Way,Apt 22A,Columbus,OH,43216
315 Brambling Court,,Lansing,MI,48934
316 Hawfinch Drive,Suite 550,Indianapolis,IN,46205
317 Greenfinch Avenue,,Springfield,IL,62703
318 Twite Road,Apt 8A,Madison,WI,53704
319 Waxwing Lane,,St. Paul,MN,55103
320 Silkworm Street,Unit 5C,Des Moines,IA,50303
321 Phainopepla Boulevard,,Lincoln,NE,68503
322 Waxwing Way,Apt 19B,Topeka,KS,66603
323 Cedar Court,,Jefferson City,MO,65103
324 Bohemian Drive,Suite 200,Little Rock,AR,72203
325 Palmetto Avenue,,Baton Rouge,LA,70803
326 Magnolia Road,Apt 4C,Jackson,MS,39202
327 Dogwood Lane,,Montgomery,AL,36105
328 Redbud Street,Unit 7B,Nashville,TN,37204
329 Sassafras Boulevard,,Frankfort,KY,40603
330 Sweetgum Way,Apt 13A,Charleston,WV,25302
331 Tupelo Court,,Richmond,VA,23221
332 Catalpa Drive,Suite 300,Raleigh,NC,27603
333 Persimmon Avenue,,Columbia,SC,29203
334 Pawpaw Road,Apt 17C,Atlanta,GA,30303
335 Sourwood Lane,,Tallahassee,FL,32303
336 Serviceberry Street,Unit 10A,Miami,FL,33102
337 Chokeberry Boulevard,,Tampa,FL,33602
338 Elderberry Way,Apt 2B,Jacksonville,FL,32201
339 Bayberry Court,,Savannah,GA,31402
340 Beautyberry Drive,Suite 425,Charleston,SC,29401
341 Snowberry Avenue,,Charlotte,NC,28202
342 Coralberry Road,Apt 15A,Greensboro,NC,27402
343 Winterberry Lane,,Virginia Beach,VA,23451
344 Inkberry Street,Unit 8D,Norfolk,VA,23502
345 Teaberry Boulevard,,Baltimore,MD,21202
346 Partridgeberry Way,Apt 11C,Wilmington,DE,19801
347 Checkerberry Court,,Philadelphia,PA,19102
348 Foxberry Drive,Suite 175,Pittsburgh,PA,15202
349 Dewberry Avenue,,Newark,NJ,07102
350 Cloudberry Road,Apt 6A,New York,NY,10002
351 Salmonberry Lane,,Brooklyn,NY,11201
352 Thimbleberry Street,Unit 3D,Stamford,CT,06901
353 Boysenberry Boulevard,,New Haven,CT,06501
354 Loganberry Way,Apt 20C,Providence,RI,02903
355 Marionberry Court,,Worcester,MA,01601
356 Olallieberry Drive,Suite 250,Springfield,MA,01101
357 Tayberry Avenue,,Portland,ME,04101
358 Youngberry Road,Apt 9B,Burlington,VT,05402
359 Gooseberry Lane,,Manchester,NH,03102
360 Lingonberry Street,Unit 14A,Nashua,NH,03060
361 Huckleberry Boulevard,,Bangor,ME,04401
362 Mulberry Way,Apt 12B,Portland,OR,97202
363 Blackberry Court,,Seattle,WA,98102
364 Raspberry Drive,Suite 600,Tacoma,WA,98402
365 Blueberry Avenue,,Spokane,WA,99202
366 Strawberry Road,Apt 5D,Boise,ID,83703
367 Cranberry Lane,,Missoula,MT,59802
368 Currant Street,Unit 7C,Billings,MT,59102
369 Grape Boulevard,,Casper,WY,82601
370 Fig Way,Apt 16C,Cheyenne,WY,82003
371 Date Court,,Rapid City,SD,57702
372 Plum Drive,Suite 325,Sioux Falls,SD,57102
373 Peach Avenue,,Fargo,ND,58103
374 Apricot Road,Apt 1B,Grand Forks,ND,58201
375 Nectarine Lane,,Duluth,MN,55802
376 Mango Street,Unit 4D,Rochester,MN,55902
377 Papaya Boulevard,,Minneapolis,MN,55402
378 Guava Way,Apt 18B,Milwaukee,WI,53202
379 Lychee Court,,Green Bay,WI,54301
380 Pomegranate Drive,Suite 450,Madison,WI,53705
381 Kiwi Avenue,,Rockford,IL,61102
382 Passion Fruit Road,Apt 10D,Peoria,IL,61602
383 Dragon Fruit Lane,,Chicago,IL,60602
384 Star Fruit Street,Unit 6D,Springfield,IL,62704
385 Jackfruit Boulevard,,Detroit,MI,48201
386 Breadfruit Way,Apt 13C,Grand Rapids,MI,49502
387 Durian Court,,Ann Arbor,MI,48104
388 Rambutan Drive,Suite 575,Kalamazoo,MI,49001
389 Mangosteen Avenue,,Cleveland,OH,44101
390 Longan Road,Apt 7D,Cincinnati,OH,45202
391 Sapodilla Lane,,Columbus,OH,43216
392 Cherimoya Street,Unit 9D,Toledo,OH,43602
393 Soursop Boulevard,,Dayton,OH,45402
394 Tamarind Way,Apt 21C,Fort Wayne,IN,46802
395 Jujube Court,,Evansville,IN,47701
396 Persimmon Drive,Suite 125,South Bend,IN,46602
397 Quince Avenue,,Bloomington,IN,47402
398 Medlar Road,Apt 14D,Louisville,KY,40202
399 Loquat Lane,,Lexington,KY,40502
400 Kumquat Street,Unit 11A,Bowling Green,KY,42101
401 Calamansi Boulevard,,Memphis,TN,38102
402 Yuzu Way,Apt 3C,Knoxville,TN,37902
403 Bergamot Court,,Chattanooga,TN,37403
404 Citron Drive,Suite 700,Nashville,TN,37205
405 Pomelo Avenue,,Birmingham,AL,35201
406 Tangelo Road,Apt 8C,Huntsville,AL,35802
407 Clementine Lane,,Mobile,AL,36602
408 Mandarin Street,Unit 5B,Tuscaloosa,AL,35402
409 Satsuma Boulevard,,Jackson,MS,39203
410 Valencia Way,Apt 17D,Hattiesburg,MS,39401
411 Navel Court,,Biloxi,MS,39530
412 Blood Orange Drive,Suite 225,New Orleans,LA,70113
413 Cara Cara Avenue,,Shreveport,LA,71102
414 Minneola Road,Apt 12C,Lafayette,LA,70501
415 Honeybell Lane,,Baton Rouge,LA,70804
416 Murcott Street,Unit 2D,Texarkana,TX,75501
417 Sunburst Boulevard,,Beaumont,TX,77702
418 Fairchild Way,Apt 19D,Corpus Christi,TX,78402
419 Orlando Court,,San Antonio,TX,78202
420 Temple Drive,Suite 350,El Paso,TX,79902
421 Hamlin Avenue,,Lubbock,TX,79402
422 Pineapple Road,Apt 6C,Amarillo,TX,79102
423 Coconut Lane,,Midland,TX,79702
424 Banana Street,Unit 13B,Odessa,TX,79761
425 Plantain Boulevard,,Waco,TX,76702
426 Avocado Way,Apt 15C,Fort Worth,TX,76102
427 Olive Court,,Dallas,TX,75202
428 Almond Drive,Suite 475,Arlington,TX,76002
429 Walnut Avenue,,Plano,TX,75024
430 Pecan Road,Apt 4A,Irving,TX,75061
431 Cashew Lane,,Garland,TX,75041
432 Pistachio Street,Unit 10B,McKinney,TX,75069
433 Hazelnut Boulevard,,Frisco,TX,75035
434 Macadamia Way,Apt 22D,Denton,TX,76202
435 Chestnut Court,,Tyler,TX,75702
436 Acorn Drive,Suite 150,Wichita Falls,TX,76301
437 Pinecone Avenue,,Abilene,TX,79602
438 Hickory Nut Road,Apt 9A,College Station,TX,77841
439 Butternut Lane,,Bryan,TX,77801
440 Cobnut Street,Unit 7D,Killeen,TX,76542
441 Filbert Boulevard,,Temple,TX,76501
442 Beechnut Way,Apt 11D,Round Rock,TX,78665
443 Chinquapin Court,,Georgetown,TX,78627
444 Ginkgo Drive,Suite 275,Cedar Park,TX,78613
445 Heartnut Avenue,,Pflugerville,TX,78661
446 Pignolia Road,Apt 2A,San Marcos,TX,78666
447 Candlenut Lane,,New Braunfels,TX,78131
448 Breadnut Street,Unit 14B,Laredo,TX,78041
449 Coquito Boulevard,,McAllen,TX,78502
450 Mongongo Way,Apt 16A,Brownsville,TX,78521
451 Shea Nut Court,,Harlingen,TX,78550
452 Kola Nut Drive,Suite 500,Mission,TX,78573
453 Bunya Avenue,,Edinburg,TX,78540
454 Canarium Road,Apt 5B,Pharr,TX,78577
455 Pili Lane,,Albuquerque,NM,87102
456 Kenari Street,Unit 8A,Las Cruces,NM,88002
457 Sacha Inchi Boulevard,,Santa Fe,NM,87503
458 Tiger Nut Way,Apt 20D,Rio Rancho,NM,87124
459 Chufa Court,,Roswell,NM,88201
460 Earth Almond Drive,Suite 625,Tucson,AZ,85702
461 Nutsedge Avenue,,Mesa,AZ,85202
462 Groundnut Road,Apt 13D,Chandler,AZ,85226
463 Bambara Lane,,Gilbert,AZ,85234
464 Vigna Street,Unit 3A,Scottsdale,AZ,85252
465 Marama Boulevard,,Tempe,AZ,85282
466 Mongongo Way,Apt 7A,Glendale,AZ,85302
467 Marula Court,,Peoria,AZ,85346
468 Baobab Drive,Suite 175,Surprise,AZ,85375
469 Shea Avenue,,Goodyear,AZ,85339
470 Argan Road,Apt 18C,Avondale,AZ,85323
471 Tung Lane,,Buckeye,AZ,85327
472 Candleberry Street,Unit 12C,Maricopa,AZ,85138
473 Bayberry Boulevard,,Flagstaff,AZ,86002
474 Tallow Way,Apt 1C,Prescott,AZ,86301
475 Sapium Court,,Yuma,AZ,85364
476 Stillingia Drive,Suite 300,Sierra Vista,AZ,85635
477 Triadica Avenue,,Lake Havasu City,AZ,86403
478 Vernicia Road,Apt 10A,Kingman,AZ,86401
479 Aleurites Lane,,Las Vegas,NV,89102
480 Kukui Street,Unit 6A,Henderson,NV,89003
481 Lumbang Boulevard,,North Las Vegas,NV,89031
482 Kemiri Way,Apt 14A,Reno,NV,89502
483 Noix Court,,Sparks,NV,89432
484 Bancoul Drive,Suite 425,Carson City,NV,89702
485 Belgaum Avenue,,Salt Lake City,UT,84103
486 Marking Nut Road,Apt 9C,Provo,UT,84602
487 Semecarpus Lane,,West Valley City,UT,84120
488 Anacardium Street,Unit 5D,West Jordan,UT,84085
489 Cashew Apple Boulevard,,Sandy,UT,84071
490 Mango Ginger Way,Apt 21D,Orem,UT,84058
491 Ambarella Court,,Ogden,UT,84401
492 Hog Plum Drive,Suite 550,St. George,UT,84770
493 Spondias Avenue,,Layton,UT,84041
494 Mombin Road,Apt 3C,Logan,UT,84321
495 Imbu Lane,,Denver,CO,80203
496 Umbu Street,Unit 11C,Colorado Springs,CO,80902
497 Seriguela Boulevard,,Aurora,CO,80011
498 Cajamanga Way,Apt 8B,Fort Collins,CO,80521
499 Ciruela Court,,Lakewood,CO,80226
500 Jocote Drive,Suite 200,Thornton,CO,80229
501 Riverside Terrace,,Arvada,CO,80002
502 Mountain View Road,Apt 12D,Westminster,CO,80031
503 Valley Stream Lane,,Pueblo,CO,81002
504 Hillcrest Street,Unit 4C,Centennial,CO,80113
505 Lakeshore Boulevard,,Boulder,CO,80302
506 Creekside Way,Apt 17C,Greeley,CO,80632
507 Ridgewood Court,,Longmont,CO,80502
508 Brookside Drive,Suite 375,Loveland,CO,80537
509 Parkview Avenue,,Grand Junction,CO,81501
510 Meadow Lane,Apt 6D,Broomfield,CO,80021
511 Forest Hill Road,,Castle Rock,CO,80105
512 Woodland Street,Unit 9A,Parker,CO,80134
513 Lakewood Boulevard,,Commerce City,CO,80022
514 Riverdale Way,Apt 15B,Littleton,CO,80120
515 Hillside Court,,Northglenn,CO,80233
516 Valleyview Drive,Suite 450,Brighton,CO,80601
517 Summit Avenue,,Englewood,CO,80110
518 Crestview Road,Apt 2C,Wheat Ridge,CO,80033
519 Fairview Lane,,Golden,CO,80401
520 Grandview Street,Unit 7A,Durango,CO,81301
521 Clearview Boulevard,,Steamboat Springs,CO,80477
522 Plainview Way,Apt 19A,Glenwood Springs,CO,81601
523 Broadview Court,,Aspen,CO,81611
524 Longview Drive,Suite 125,Vail,CO,81657
525 Bayview Avenue,,Portland,OR,97203
526 Oceanview Road,Apt 11B,Eugene,OR,97402
527 Seaview Lane,,Salem,OR,97302
528 Harborview Street,Unit 3B,Bend,OR,97702
529 Coastview Boulevard,,Medford,OR,97501
530 Shoreview Way,Apt 14C,Corvallis,OR,97330
531 Beachview Court,,Springfield,OR,97477
532 Cliffview Drive,Suite 275,Hillsboro,OR,97123
533 Bluffview Avenue,,Beaverton,OR,97005
534 Peakview Road,Apt 8D,Gresham,OR,97030
535 Ridgeview Lane,,Lake Oswego,OR,97034
536 Canyonview Street,Unit 6B,Tigard,OR,97223
537 Glenview Boulevard,,Tualatin,OR,97062
538 Fieldview Way,Apt 20B,Albany,OR,97321
539 Pondview Court,,Grants Pass,OR,97526
540 Marshview Drive,Suite 500,Roseburg,OR,97470
541 Wetlandview Avenue,,Ashland,OR,97520
542 Prairieview Road,Apt 5A,Redmond,OR,97756
543 Desertview Lane,,The Dalles,OR,97058
544 Tundraview Street,Unit 13C,Pendleton,OR,97801
545 Glacierview Boulevard,,Seattle,WA,98103
546 Fjordview Way,Apt 16B,Tacoma,WA,98403
547 Islandview Court,,Spokane,WA,99203
548 Peninsulaview Drive,Suite 625,Vancouver,WA,98660
549 Capeview Avenue,,Bellevue,WA,98005
550 Inletview Road,Apt 10B,Kent,WA,98030
551 Lagoonview Lane,,Everett,WA,98201
552 Estuaryview Street,Unit 2A,Renton,WA,98055
553 Deltaview Boulevard,,Federal Way,WA,98004
554 Tidalview Way,Apt 7B,Spokane Valley,WA,99206
555 Waveview Court,,Kirkland,WA,98033
556 Surfview Drive,Suite 150,Bellingham,WA,98225
557 Driftview Avenue,,Kennewick,WA,99337
558 Sandview Road,Apt 12A,Auburn,WA,98001
559 Shellview Lane,,Olympia,WA,98503
560 Coralview Street,Unit 9B,Lacey,WA,98503
561 Reefview Boulevard,,Redmond,WA,98052
562 Atolview Way,Apt 4D,Sammamish,WA,98074
563 Archipelago Court,,Bothell,WA,98011
564 Keystoneview Drive,Suite 350,Puyallup,WA,98371
565 Gatewayview Avenue,,Bremerton,WA,98310
566 Bridgeview Road,Apt 18D,Richland,WA,99352
567 Crossingview Lane,,Yakima,WA,98901
568 Junctionview Street,Unit 15B,Walla Walla,WA,99362
569 Intersectionview Boulevard,,Pullman,WA,99163
570 Roundaboutview Way,Apt 1D,Ellensburg,WA,98926
571 Overpassview Court,,Wenatchee,WA,98801
572 Underview Drive,Suite 475,Moses Lake,WA,98837
573 Tunnelview Avenue,,Longview,WA,98632
574 Passageview Road,Apt 13A,Centralia,WA,98531
575 Trailview Lane,,Boise,ID,83704
576 Pathview Street,Unit 8C,Nampa,ID,83652
577 Walkview Boulevard,,Meridian,ID,83643
578 Hikeview Way,Apt 6B,Idaho Falls,ID,83401
579 Trekview Court,,Pocatello,ID,83201
580 Routeview Drive,Suite 225,Twin Falls,ID,83301
581 Courseview Avenue,,Coeur d'Alene,ID,83814
582 Bearingview Road,Apt 11C,Caldwell,ID,83605
583 Headingview Lane,,Lewiston,ID,83501
584 Directionview Street,Unit 5C,Moscow,ID,83843
585 Northview Boulevard,,Billings,MT,59103
586 Southview Way,Apt 17A,Missoula,MT,59803
587 Eastview Court,,Great Falls,MT,59401
588 Westview Drive,Suite 550,Helena,MT,59603
589 Centerview Avenue,,Bozeman,MT,59716
590 Midview Road,Apt 3D,Butte,MT,59701
591 Upperview Lane,,Kalispell,MT,59901
592 Lowerview Street,Unit 12B,Havre,MT,59501
593 Innerview Boulevard,,Miles City,MT,59301
594 Outerview Way,Apt 9D,Livingston,MT,59047
595 Frontview Court,,Casper,WY,82602
596 Backview Drive,Suite 175,Cheyenne,WY,82004
597 Sideview Avenue,,Laramie,WY,82070
598 Topview Road,Apt 14D,Gillette,WY,82716
599 Bottomview Lane,,Rock Springs,WY,82901
600 Edgeview Street,Unit 7B,Sheridan,WY,82801
601 Cornerview Boulevard,,Green River,WY,82935
602 Angerview Way,Apt 22C,Riverton,WY,82501
603 Curveview Court,,Cody,WY,82414
604 Bendview Drive,Suite 400,Jackson,WY,83001
605 Turnview Avenue,,Lander,WY,82520
606 Loopview Road,Apt 2B,Powell,WY,82435
607 Circleview Lane,,Torrington,WY,82240
608 Ovalview Street,Unit 10D,Rawlins,WY,82301
609 Squareview Boulevard,,Evanston,WY,82930
610 Triangleview Way,Apt 5D,Thermopolis,WY,82443
611 Diamondview Court,,Sioux Falls,SD,57103
612 Starview Drive,Suite 300,Rapid City,SD,57703
613 Moonview Avenue,,Aberdeen,SD,57401
614 Sunview Road,Apt 16C,Brookings,SD,57006
615 Skyview Lane,,Watertown,SD,57201
616 Cloudview Street,Unit 4A,Mitchell,SD,57301
617 Rainview Boulevard,,Pierre,SD,57502
618 Snowview Way,Apt 19C,Huron,SD,57350
619 Frostview Court,,Yankton,SD,57078
620 Iceview Drive,Suite 525,Vermillion,SD,57069
621 Hazeview Avenue,,Fargo,ND,58104
622 Mistview Road,Apt 8A,Bismarck,ND,58503
623 Fogview Lane,,Grand Forks,ND,58202
624 Dewview Street,Unit 6C,Minot,ND,58701
625 Condensation Boulevard,,Williston,ND,58801
626 Evaporation Way,Apt 13B,Dickinson,ND,58601
627 Precipitation Court,,Jamestown,ND,58401
628 Humidity Drive,Suite 150,Mandan,ND,58554
629 Barometer Avenue,,West Fargo,ND,58078
630 Thermometer Road,Apt 11D,Wahpeton,ND,58075
631 Anemometer Lane,,Duluth,MN,55803
632 Hygrometer Street,Unit 3C,Rochester,MN,55903
633 Windvane Boulevard,,Mankato,MN,56001
634 Weathercock Way,Apt 20D,St. Cloud,MN,56301
635 Compass Rose Court,,Moorhead,MN,56560
636 Lighthouse Drive,Suite 275,Winona,MN,55987
637 Beacon Avenue,,Bloomington,MN,55420
638 Lantern Road,Apt 7C,Plymouth,MN,55441
639 Torch Lane,,Brooklyn Park,MN,55443
640 Candle Street,Unit 14C,Eagan,MN,55121
641 Flame Boulevard,,Burnsville,MN,55337
642 Ember Way,Apt 9B,Eden Prairie,MN,55344
643 Spark Court,,Maple Grove,MN,55369
644 Glow Drive,Suite 450,Woodbury,MN,55125
645 Shine Avenue,,Lakeville,MN,55044
646 Gleam Road,Apt 1A,Blaine,MN,55434
647 Shimmer Lane,,Coon Rapids,MN,55433
648 Glitter Street,Unit 8D,Apple Valley,MN,55124
649 Sparkle Boulevard,,Edina,MN,55435
650 Twinkle Way,Apt 18A,Minnetonka,MN,55345
651 Radiance Court,,Milwaukee,WI,53203
652 Brilliance Drive,Suite 575,Madison,WI,53706
653 Luminance Avenue,,Green Bay,WI,54302
654 Incandescence Road,Apt 12C,Kenosha,WI,53140
655 Fluorescence Lane,,Racine,WI,53401
656 Phosphorescence Street,Unit 5A,Appleton,WI,54911
657 Bioluminescence Boulevard,,Waukesha,WI,53186
658 Iridescence Way,Apt 15A,Oshkosh,WI,54901
659 Opalescence Court,,Eau Claire,WI,54701
660 Pearlescence Drive,Suite 200,Janesville,WI,53545
661 Translucence Avenue,,West Allis,WI,53214
662 Transparency Road,Apt 4B,La Crosse,WI,54601
663 Clarity Lane,,Sheboygan,WI,53081
664 Lucidity Street,Unit 11A,Wauwatosa,WI,53213
665 Pellucidity Boulevard,,Fond du Lac,WI,54935
666 Limpidity Way,Apt 21B,Brookfield,WI,53005
667 Serenity Court,,New Berlin,WI,53151
668 Tranquility Drive,Suite 325,Wausau,WI,54401
669 Harmony Avenue,,Fitchburg,WI,53711
670 Melody Road,Apt 6A,Sun Prairie,WI,53590
671 Rhythm Lane,,Beloit,WI,53511
672 Cadence Street,Unit 9C,Greenfield,WI,53220
673 Tempo Boulevard,,Oak Creek,WI,53154
674 Syncopation Way,Apt 14B,Franklin,WI,53132
675 Allegro Court,,Chicago,IL,60603
676 Andante Drive,Suite 450,Aurora,IL,60502
677 Adagio Avenue,,Naperville,IL,60540
678 Vivace Road,Apt 10C,Joliet,IL,60432
679 Presto Lane,,Rockford,IL,61103
680 Largo Street,Unit 7D,Springfield,IL,62705
681 Moderato Boulevard,,Elgin,IL,60120
682 Fortissimo Way,Apt 3B,Peoria,IL,61603
683 Pianissimo Court,,Champaign,IL,61820
684 Crescendo Drive,Suite 175,Waukegan,IL,60085
685 Diminuendo Avenue,,Cicero,IL,60804
686 Staccato Road,Apt 17D,Bloomington,IL,61701
687 Legato Lane,,Arlington Heights,IL,60004
688 Fermata Street,Unit 2C,Evanston,IL,60201
689 Arpeggio Boulevard,,Schaumburg,IL,60173
690 Glissando Way,Apt 19B,Bolingbrook,IL,60440
691 Tremolo Court,,Palatine,IL,60067
692 Vibrato Drive,Suite 600,Skokie,IL,60076
693 Portamento Avenue,,Des Plaines,IL,60016
694 Sforzando Road,Apt 8B,Orland Park,IL,60462
695 Rubato Lane,,Tinley Park,IL,60477
696 Ostinato Street,Unit 13D,Oak Lawn,IL,60453
697 Pizzicato Boulevard,,Berwyn,IL,60402
698 Arco Way,Apt 5C,Normal,IL,61761
699 Spiccato Court,,Wheaton,IL,60187
700 Ricochet Drive,Suite 250,Downers Grove,IL,60515
701 Cascade Avenue,,Detroit,MI,48202
702 Waterfall Road,Apt 16D,Grand Rapids,MI,49503
703 Rapids Lane,,Warren,MI,48089
704 Torrent Street,Unit 4D,Sterling Heights,MI,48311
705 Tributary Boulevard,,Ann Arbor,MI,48105
706 Confluence Way,Apt 22B,Lansing,MI,48912
707 Estuary Court,,Flint,MI,48501
708 Delta Drive,Suite 375,Dearborn,MI,48124
709 Watershed Avenue,,Livonia,MI,48150
710 Aquifer Road,Apt 11A,Troy,MI,48083
711 Reservoir Lane,,Westland,MI,48185
712 Cistern Street,Unit 8A,Farmington Hills,MI,48331
713 Aqueduct Boulevard,,Kalamazoo,MI,49002
714 Canal Way,Apt 2D,Wyoming,MI,49509
715 Levee Court,,Rochester Hills,MI,48308
716 Spillway Drive,Suite 500,Southfield,MI,48075
717 Floodgate Avenue,,Pontiac,MI,48340
718 Sluice Road,Apt 14A,Taylor,MI,48180
719 Weir Lane,,St. Clair Shores,MI,48080
720 Culvert Street,Unit 6D,Royal Oak,MI,48067
721 Conduit Boulevard,,Novi,MI,48375
722 Pipeline Way,Apt 9A,Dearborn Heights,MI,48127
723 Mainline Court,,Battle Creek,MI,49014
724 Trunk Line Drive,Suite 125,Saginaw,MI,48601
725 Feeder Avenue,,Cleveland,OH,44102
726 Branch Road,Apt 7A,Columbus,OH,43217
727 Lateral Lane,,Cincinnati,OH,45203
728 Distributary Street,Unit 12D,Toledo,OH,43603
729 Meander Boulevard,,Akron,OH,44302
730 Oxbow Way,Apt 18C,Dayton,OH,45403
731 Bayou Court,,Youngstown,OH,44501
732 Slough Drive,Suite 275,Canton,OH,44701
733 Marsh Avenue,,Parma,OH,44129
734 Swamp Road,Apt 3A,Lorain,OH,44052
735 Bog Lane,,Hamilton,OH,45011
736 Fen Street,Unit 10C,Springfield,OH,45501
737 Moor Boulevard,,Lakewood,OH,44107
738 Heath Way,Apt 13A,Kettering,OH,45429
739 Tundra Court,,Elyria,OH,44035
740 Steppe Drive,Suite 450,Mentor,OH,44060
741 Savanna Avenue,,Euclid,OH,44117
742 Prairie Road,Apt 5B,Middletown,OH,45042
743 Grassland Lane,,Mansfield,OH,44901
744 Meadowland Street,Unit 9D,Newark,OH,43055
745 Pasture Boulevard,,Strongsville,OH,44136
746 Rangeland Way,Apt 21A,Fairfield,OH,45014
747 Farmland Court,,Dublin,OH,43016
748 Cropland Drive,Suite 575,Beavercreek,OH,45431
749 Orchard Avenue,,Findlay,OH,45840
750 Vineyard Road,Apt 1C,Westerville,OH,43081
751 Plantation Lane,,Indianapolis,IN,46206
752 Homestead Street,Unit 4B,Fort Wayne,IN,46803
753 Ranch Boulevard,,Evansville,IN,47702
754 Estate Way,Apt 16A,South Bend,IN,46603
755 Manor Court,,Carmel,IN,46032
756 Villa Drive,Suite 200,Fishers,IN,46038
757 Cottage Avenue,,Bloomington,IN,47403
758 Bungalow Road,Apt 12B,Hammond,IN,46320
759 Cabin Lane,,Gary,IN,46401
760 Lodge Street,Unit 7C,Lafayette,IN,47901
761 Chalet Boulevard,,Muncie,IN,47302
762 Chateau Way,Apt 10A,Terre Haute,IN,47801
763 Palace Court,,Kokomo,IN,46901
764 Castle Drive,Suite 350,Anderson,IN,46012
765 Fortress Avenue,,Noblesville,IN,46060
766 Citadel Road,Apt 6C,Greenwood,IN,46142
767 Bastion Lane,,Columbus,IN,47201
768 Rampart Street,Unit 14D,Jeffersonville,IN,47130
769 Battlement Boulevard,,New Albany,IN,47150
770 Parapet Way,Apt 19A,Lawrence,IN,46226
771 Turret Court,,Mishawaka,IN,46544
772 Tower Drive,Suite 475,Elkhart,IN,46514
773 Spire Avenue,,Michigan City,IN,46360
774 Steeple Road,Apt 8C,Portage,IN,46368
775 Minaret Lane,,Louisville,KY,40203
776 Cupola Street,Unit 3D,Lexington,KY,40503
777 Dome Boulevard,,Bowling Green,KY,42102
778 Vault Way,Apt 15C,Owensboro,KY,42301
779 Arch Court,,Covington,KY,41011
780 Keystone Drive,Suite 150,Richmond,KY,40475
781 Capstone Avenue,,Georgetown,KY,40324
782 Cornerstone Road,Apt 11B,Florence,KY,41042
783 Foundation Lane,,Hopkinsville,KY,42240
784 Bedrock Street,Unit 5B,Nicholasville,KY,40356
785 Limestone Boulevard,,Elizabethtown,KY,42701
786 Sandstone Way,Apt 20C,Henderson,KY,42420
787 Granite Court,,Frankfort,KY,40604
788 Basalt Drive,Suite 300,Paducah,KY,42001
789 Obsidian Avenue,,Radcliff,KY,40160
790 Pumice Road,Apt 4A,Ashland,KY,41101
791 Feldspar Lane,,Murray,KY,42071
792 Quartzite Street,Unit 9B,Danville,KY,40422
793 Gneiss Boulevard,,Madisonville,KY,42431
794 Schist Way,Apt 17B,Somerset,KY,42501
795 Slate Court,,Nashville,TN,37206
796 Shale Drive,Suite 425,Memphis,TN,38103
797 Mudstone Avenue,,Knoxville,TN,37903
798 Siltstone Road,Apt 2C,Chattanooga,TN,37404
799 Claystone Lane,,Clarksville,TN,37041
800 Marl Street,Unit 13A,Murfreesboro,TN,37128
801 Chalk Boulevard,,Franklin,TN,37064
802 Flint Way,Apt 7D,Jackson,TN,38301
803 Chert Court,,Johnson City,TN,37601
804 Jasper Drive,Suite 550,Hendersonville,TN,37075
805 Agate Avenue,,Kingsport,TN,37660
806 Onyx Road,Apt 14C,Bartlett,TN,38133
807 Opal Lane,,Smyrna,TN,37167
808 Garnet Street,Unit 8B,Collierville,TN,38017
809 Topaz Boulevard,,Cleveland,TN,37311
810 Amethyst Way,Apt 22A,Spring Hill,TN,37175
811 Citrine Court,,Germantown,TN,38138
812 Peridot Drive,Suite 175,Gallatin,TN,37066
813 Tourmaline Avenue,,Columbia,TN,38401
814 Zircon Road,Apt 6D,La Vergne,TN,37086
815 Tanzanite Lane,,Mount Juliet,TN,37122
816 Alexandrite Street,Unit 11D,Lebanon,TN,37087
817 Morganite Boulevard,,Cookeville,TN,38501
818 Kunzite Way,Apt 1B,Oak Ridge,TN,37830
819 Spinel Court,,Brentwood,TN,37027
820 Chrysoberyl Drive,Suite 625,Maryville,TN,37801
821 Andalusite Avenue,,Bristol,TN,37620
822 Sillimanite Road,Apt 10D,Sevierville,TN,37862
823 Kyanite Lane,,Morristown,TN,37813
824 Staurolite Street,Unit 2B,Tullahoma,TN,37388
825 Epidote Boulevard,,Birmingham,AL,35202
826 Prehnite Way,Apt 9C,Montgomery,AL,36106
827 Vesuvianite Court,,Huntsville,AL,35803
828 Diopside Drive,Suite 300,Mobile,AL,36603
829 Augite Avenue,,Tuscaloosa,AL,35403
830 Hornblende Road,Apt 5D,Hoover,AL,35226
831 Actinolite Lane,,Dothan,AL,36301
832 Tremolite Street,Unit 7A,Auburn,AL,36830
833 Wollastonite Boulevard,,Decatur,AL,35601
834 Enstatite Way,Apt 18B,Madison,AL,35758
835 Hypersthene Court,,Florence,AL,35630
836 Bronzite Drive,Suite 425,Gadsden,AL,35901
837 Olivine Avenue,,Vestavia Hills,AL,35216
838 Forsterite Road,Apt 13C,Prattville,AL,36066
839 Fayalite Lane,,Phenix City,AL,36867
840 Monticellite Street,Unit 4C,Alabaster,AL,35007
841 Tephroite Boulevard,,Opelika,AL,36801
842 Rhodonite Way,Apt 16D,Enterprise,AL,36330
843 Bustamite Court,,Homewood,AL,35209
844 Pectolite Drive,Suite 550,Northport,AL,35473
845 Wollastonite Avenue,,Jackson,MS,39204
846 Datolite Road,Apt 12A,Gulfport,MS,39501
847 Danburite Lane,,Southaven,MS,38671
848 Axinite Street,Unit 6B,Hattiesburg,MS,39402
849 Epidote Boulevard,,Biloxi,MS,39531
850 Clinozoisite Way,Apt 21C,Olive Branch,MS,38654
851 Zoisite Court,,Tupelo,MS,38801
852 Lawsonite Drive,Suite 200,Meridian,MS,39301
853 Pumpellyite Avenue,,Pearl,MS,39208
854 Piemontite Road,Apt 3C,Oxford,MS,38655
855 Thulite Lane,,Madison,MS,39110
856 Tanzanite Street,Unit 10B,Ridgeland,MS,39157
857 Saussurite Boulevard,,Starkville,MS,39759
858 Anyolite Way,Apt 8A,Clinton,MS,39056
859 Unakite Court,,Brandon,MS,39042
860 Aventurine Drive,Suite 375,Columbus,MS,39701
861 Sunstone Avenue,,Vicksburg,MS,39180
862 Moonstone Road,Apt 14B,Laurel,MS,39440
863 Labradorite Lane,,Pascagoula,MS,39567
864 Spectrolite Street,Unit 9A,Horn Lake,MS,38637
865 Feldspar Boulevard,,New Orleans,LA,70114
866 Orthoclase Way,Apt 19D,Baton Rouge,LA,70805
867 Microcline Court,,Shreveport,LA,71103
868 Sanidine Drive,Suite 475,Lafayette,LA,70502
869 Anorthite Avenue,,Lake Charles,LA,70601
870 Bytownite Road,Apt 7B,Kenner,LA,70062
871 Labradorite Lane,,Bossier City,LA,71111
872 Andesine Street,Unit 12C,Monroe,LA,71201
873 Oligoclase Boulevard,,Alexandria,LA,71301
874 Albite Way,Apt 5A,Houma,LA,70360
875 Periclase Court,,Oklahoma City,OK,73103
876 Brucite Drive,Suite 150,Tulsa,OK,74102
877 Gibbsite Avenue,,Norman,OK,73069
878 Diaspore Road,Apt 11C,Broken Arrow,OK,74012
879 Boehmite Lane,,Lawton,OK,73501
880 Goethite Street,Unit 3A,Edmond,OK,73004
881 Lepidocrocite Boulevard,,Moore,OK,73160
882 Akaganeite Way,Apt 17A,Midwest City,OK,73110
883 Ferrihydrite Court,,Enid,OK,73701
884 Magnetite Drive,Suite 275,Stillwater,OK,74074
885 Hematite Avenue,,Muskogee,OK,74401
886 Ilmenite Road,Apt 6B,Bartlesville,OK,74003
887 Rutile Lane,,Owasso,OK,74055
888 Anatase Street,Unit 8D,Shawnee,OK,74801
889 Brookite Boulevard,,Ponca City,OK,74601
890 Cassiterite Way,Apt 20A,Ardmore,OK,73401
891 Columbite Court,,Duncan,OK,73533
892 Tantalite Drive,Suite 400,Del City,OK,73115
893 Wolframite Avenue,,Yukon,OK,73099
894 Scheelite Road,Apt 2D,Mustang,OK,73064
895 Powellite Lane,,Little Rock,AR,72204
896 Wulfenite Street,Unit 5D,Fort Smith,AR,72901
897 Vanadinite Boulevard,,Fayetteville,AR,72701
898 Descloizite Way,Apt 15B,Springdale,AR,72762
899 Mottramite Court,,Jonesboro,AR,72401
900 Duftite Drive,Suite 525,North Little Rock,AR,72114
901 Conichalcite Avenue,,Conway,AR,72032
902 Austinite Road,Apt 9D,Rogers,AR,72756
903 Adamite Lane,,Pine Bluff,AR,71601
904 Paradamite Street,Unit 13B,Bentonville,AR,72712
905 Legrandite Boulevard,,Hot Springs,AR,71901
906 Kottigite Way,Apt 4C,Benton,AR,72015
907 Erythrite Court,,Texarkana,AR,71854
908 Annabergite Drive,Suite 175,Sherwood,AR,72120
909 Vivianite Avenue,,Jacksonville,AR,72076
910 Ludlamite Road,Apt 12D,Cabot,AR,72023
911 Fairfieldite Lane,,Russellville,AR,72801
912 Collinsite Street,Unit 7B,Paragould,AR,72450
913 Messelite Boulevard,,Bella Vista,AR,72714
914 Childrenite Way,Apt 18D,Van Buren,AR,72956
915 Eosphorite Court,,San Antonio,TX,78203
916 Herderite Drive,Suite 625,Houston,TX,77002
917 Beryllonite Avenue,,Dallas,TX,75203
918 Hurlbutite Road,Apt 1D,Austin,TX,78703
919 Hambergite Lane,,Fort Worth,TX,76103
920 Jeremejevite Street,Unit 11B,El Paso,TX,79903
921 Painite Boulevard,,Arlington,TX,76003
922 Musgravite Way,Apt 14A,Corpus Christi,TX,78403
923 Grandidierite Court,,Plano,TX,75025
924 Serendibite Drive,Suite 300,Laredo,TX,78042
925 Taaffeite Avenue,,Lubbock,TX,79403
926 Benitoite Road,Apt 10B,Irving,TX,75062
927 Poudretteite Lane,,Amarillo,TX,79103
928 Red Beryl Street,Unit 6A,Brownsville,TX,78522
929 Alexandrite Boulevard,,Grand Prairie,TX,75050
930 Chrysoberyl Way,Apt 22D,McKinney,TX,75070
931 Demantoid Court,,Frisco,TX,75036
932 Tsavorite Drive,Suite 450,Pasadena,TX,77502
933 Mandarin Garnet Avenue,,Killeen,TX,76543
934 Paraiba Road,Apt 3B,Mesquite,TX,75149
935 Padparadscha Lane,,McAllen,TX,78503
936 Jadeite Street,Unit 15C,Midland,TX,79703
937 Nephrite Boulevard,,Beaumont,TX,77703
938 Kosmochlor Way,Apt 8D,Carrollton,TX,75007
939 Omphacite Court,,Round Rock,TX,78666
940 Aegirine Drive,Suite 575,Waco,TX,76703
941 Spodumene Avenue,,Abilene,TX,79603
942 Kunzite Road,Apt 13D,Denton,TX,76203
943 Hiddenite Lane,,Odessa,TX,79762
944 Morganite Street,Unit 2B,Richardson,TX,75081
945 Heliodor Boulevard,,Lewisville,TX,75030
946 Goshenite Way,Apt 16C,Tyler,TX,75703
947 Aquamarine Court,,College Station,TX,77842
948 Emerald Drive,Suite 200,San Angelo,TX,76901
949 Ruby Avenue,,Wichita Falls,TX,76302
950 Sapphire Road,Apt 5A,Allen,TX,75003
951 Diamond Lane,,Pearland,TX,77582
952 Tanzanite Street,Unit 9C,League City,TX,77573
953 Topaz Boulevard,,Sugar Land,TX,77478
954 Garnet Way,Apt 19C,Edinburg,TX,78541
955 Amethyst Court,,Mission,TX,78574
956 Peridot Drive,Suite 350,Longview,TX,75601
957 Citrine Avenue,,Bryan,TX,77802
958 Tourmaline Road,Apt 7C,Pharr,TX,78578
959 Zircon Lane,,Temple,TX,76502
960 Spinel Street,Unit 4A,New Braunfels,TX,78132
961 Chrysoprase Boulevard,,Missouri City,TX,77459
962 Carnelian Way,Apt 11C,Flower Mound,TX,75023
963 Sardonyx Court,,North Richland Hills,TX,76180
964 Bloodstone Drive,Suite 475,Conroe,TX,77302
965 Heliotrope Avenue,,Victoria,TX,77901
966 Jasper Road,Apt 14D,Georgetown,TX,78628
967 Chalcedony Lane,,Mansfield,TX,76064
968 Chrysocolla Street,Unit 8C,Cedar Park,TX,78614
969 Malachite Boulevard,,Pflugerville,TX,78662
970 Azurite Way,Apt 20B,Rowlett,TX,75088
971 Turquoise Court,,Wylie,TX,75098
972 Lapis Drive,Suite 125,San Marcos,TX,78667
973 Sodalite Avenue,,Harlingen,TX,78551
974 Lazurite Road,Apt 6B,Galveston,TX,77550
975 Hauyne Lane,,Honolulu,HI,96802
976 Nosean Street,Unit 12A,Pearl City,HI,96782
977 Leucite Boulevard,,Hilo,HI,96720
978 Analcime Way,Apt 17C,Kailua,HI,96734
979 Pollucite Court,,Kapolei,HI,96707
980 Petalite Drive,Suite 250,Kaneohe,HI,96744
981 Lepidolite Avenue,,Waipahu,HI,96797
982 Muscovite Road,Apt 3D,Mililani,HI,96789
983 Biotite Lane,,Ewa Beach,HI,96706
984 Phlogopite Street,Unit 10A,Aiea,HI,96701
985 Vermiculite Boulevard,,Anchorage,AK,99502
986 Chlorite Way,Apt 15D,Fairbanks,AK,99701
987 Serpentine Court,,Juneau,AK,99802
988 Chrysotile Drive,Suite 400,Sitka,AK,99835
989 Antigorite Avenue,,Ketchikan,AK,99901
990 Lizardite Road,Apt 9A,Wasilla,AK,99654
991 Talc Lane,,Kenai,AK,99611
992 Pyrophyllite Street,Unit 5C,Kodiak,AK,99615
993 Kaolinite Boulevard,,Palmer,AK,99645
994 Halloysite Way,Apt 21D,Bethel,AK,99559
995 Montmorillonite Court,,Nome,AK,99762
996 Bentonite Drive,Suite 550,Valdez,AK,99686
997 Illite Avenue,,Soldotna,AK,99669
998 Smectite Road,Apt 2A,Homer,AK,99603
999 Attapulgite Lane,,Seward,AK,99664
1000 Sepiolite Street,Unit 1A,Cordova,AK,99574