code_system_oid,code_system_name,code
2.16.840.1.113883.6.88,RxNorm,311995
2.16.840.1.113883.6.88,RxNorm,197361
2.16.840.1.113883.6.88,RxNorm,198013
2.16.840.1.113883.6.88,RxNorm,310965
2.16.840.1.113883.6.88,RxNorm,312961
2.16.840.1.113883.6.88,RxNorm,197381
2.16.840.1.113883.6.88,RxNorm,314076
2.16.840.1.113883.6.88,RxNorm,310798
2.16.840.1.113883.6.88,RxNorm,197591
2.16.840.1.113883.6.88,RxNorm,198211
2.16.840.1.113883.6.88,RxNorm,849383
2.16.840.1.113883.6.88,RxNorm,577961
2.16.840.1.113883.6.88,RxNorm,577962
2.16.840.1.113883.6.88,RxNorm,4493
2.16.840.1.113883.6.88,RxNorm,5521
2.16.840.1.113883.6.88,RxNorm,8896
2.16.840.1.113883.6.88,RxNorm,10689
2.16.840.1.113883.6.88,RxNorm,1191
2.16.840.1.113883.6.88,RxNorm,2670
2.16.840.1.113883.6.88,RxNorm,3640
2.16.840.1.113883.6.88,RxNorm,4337
2.16.840.1.113883.6.88,RxNorm,6809
2.16.840.1.113883.6.88,RxNorm,7052
2.16.840.1.113883.6.88,RxNorm,7646
2.16.840.1.113883.6.88,RxNorm,8331
2.16.840.1.113883.6.88,RxNorm,9068
2.16.840.1.113883.6.88,RxNorm,10582
2.16.840.1.113883.6.88,RxNorm,1886
2.16.840.1.113883.6.88,RxNorm,2101
2.16.840.1.113883.6.88,RxNorm,3322
2.16.840.1.113883.6.88,RxNorm,4917
2.16.840.1.113883.6.88,RxNorm,6130
2.16.840.1.113883.6.88,RxNorm,7213
2.16.840.1.113883.6.88,RxNorm,7804
2.16.840.1.113883.6.88,RxNorm,8640
2.16.840.1.113883.6.88,RxNorm,9524
2.16.840.1.113883.6.88,RxNorm,10814
2.16.840.1.113883.6.88,RxNorm,198240
2.16.840.1.113883.6.88,RxNorm,197517
2.16.840.1.113883.6.88,RxNorm,310429
2.16.840.1.113883.6.88,RxNorm,311700
2.16.840.1.113883.6.88,RxNorm,197318
2.16.840.1.113883.6.88,RxNorm,198144
2.16.840.1.113883.6.88,RxNorm,197770
2.16.840.1.113883.6.88,RxNorm,198405
2.16.840.1.113883.6.88,RxNorm,310964
2.16.840.1.113883.6.88,RxNorm,312617
2.16.840.1.113883.6.88,RxNorm,197541
2.16.840.1.113883.6.88,RxNorm,198039
2.16.840.1.113883.6.88,RxNorm,197379
2.16.840.1.113883.6.96,SNOMED-CT,38341003
2.16.840.1.113883.6.96,SNOMED-CT,44054006
2.16.840.1.113883.6.96,SNOMED-CT,73211009
2.16.840.1.113883.6.96,SNOMED-CT,46635009
2.16.840.1.113883.6.96,SNOMED-CT,84114007
2.16.840.1.113883.6.96,SNOMED-CT,195967001
2.16.840.1.113883.6.96,SNOMED-CT,22298006
2.16.840.1.113883.6.96,SNOMED-CT,40930008
2.16.840.1.113883.6.96,SNOMED-CT,49436004
2.16.840.1.113883.6.96,SNOMED-CT,13645005
2.16.840.1.113883.6.96,SNOMED-CT,35489007
2.16.840.1.113883.6.96,SNOMED-CT,68566005
2.16.840.1.113883.6.96,SNOMED-CT,59621000
2.16.840.1.113883.6.96,SNOMED-CT,271737000
2.16.840.1.113883.6.96,SNOMED-CT,386661006
2.16.840.1.113883.6.96,SNOMED-CT,25064002
2.16.840.1.113883.6.96,SNOMED-CT,36971009
2.16.840.1.113883.6.96,SNOMED-CT,267036007
2.16.840.1.113883.6.96,SNOMED-CT,62315008
2.16.840.1.113883.6.96,SNOMED-CT,235595009
2.16.840.1.113883.6.96,SNOMED-CT,414545008
2.16.840.1.113883.6.96,SNOMED-CT,44465007
2.16.840.1.113883.6.96,SNOMED-CT,233604007
2.16.840.1.113883.6.96,SNOMED-CT,56018004
2.16.840.1.113883.6.96,SNOMED-CT,399068003
2.16.840.1.113883.6.96,SNOMED-CT,48694002
2.16.840.1.113883.6.96,SNOMED-CT,235856003
2.16.840.1.113883.6.96,SNOMED-CT,34000006
2.16.840.1.113883.6.96,SNOMED-CT,64859006
2.16.840.1.113883.6.96,SNOMED-CT,75694006
2.16.840.1.113883.6.96,SNOMED-CT,398254007
2.16.840.1.113883.6.96,SNOMED-CT,87433001
2.16.840.1.113883.6.96,SNOMED-CT,302866003
2.16.840.1.113883.6.96,SNOMED-CT,39848009
2.16.840.1.113883.6.96,SNOMED-CT,23986001
2.16.840.1.113883.6.96,SNOMED-CT,14669001
2.16.840.1.113883.6.96,SNOMED-CT,90708001
2.16.840.1.113883.6.96,SNOMED-CT,128613002
2.16.840.1.113883.6.96,SNOMED-CT,363406005
2.16.840.1.113883.6.96,SNOMED-CT,53741008
2.16.840.1.113883.6.96,SNOMED-CT,161891005
2.16.840.1.113883.6.96,SNOMED-CT,185903001
2.16.840.1.113883.6.96,SNOMED-CT,225358003
2.16.840.1.113883.6.96,SNOMED-CT,310249008
2.16.840.1.113883.6.96,SNOMED-CT,386053000
2.16.840.1.113883.6.96,SNOMED-CT,410429000
2.16.840.1.113883.6.96,SNOMED-CT,418799008
2.16.840.1.113883.6.96,SNOMED-CT,431857002
2.16.840.1.113883.6.96,SNOMED-CT,444814009
2.16.840.1.113883.6.96,SNOMED-CT,700258004
2.16.840.1.113883.6.1,LOINC,2160-0
2.16.840.1.113883.6.1,LOINC,2345-7
2.16.840.1.113883.6.1,LOINC,2951-2
2.16.840.1.113883.6.1,LOINC,6299-2
2.16.840.1.113883.6.1,LOINC,2823-3
2.16.840.1.113883.6.1,LOINC,2075-0
2.16.840.1.113883.6.1,LOINC,17861-6
2.16.840.1.113883.6.1,LOINC,4548-4
2.16.840.1.113883.6.1,LOINC,2085-9
2.16.840.1.113883.6.1,LOINC,2093-3
2.16.840.1.113883.6.1,LOINC,2571-8
2.16.840.1.113883.6.1,LOINC,3094-0
2.16.840.1.113883.6.1,LOINC,718-7
2.16.840.1.113883.6.1,LOINC,4544-3
2.16.840.1.113883.6.1,LOINC,787-2
2.16.840.1.113883.6.1,LOINC,785-6
2.16.840.1.113883.6.1,LOINC,786-4
2.16.840.1.113883.6.1,LOINC,6690-2
2.16.840.1.113883.6.1,LOINC,789-8
2.16.840.1.113883.6.1,LOINC,777-3
2.16.840.1.113883.6.1,LOINC,26464-8
2.16.840.1.113883.6.1,LOINC,26515-7
2.16.840.1.113883.6.1,LOINC,33914-3
2.16.840.1.113883.6.1,LOINC,1742-6
2.16.840.1.113883.6.1,LOINC,1920-8
2.16.840.1.113883.6.1,LOINC,1975-2
2.16.840.1.113883.6.1,LOINC,2028-9
2.16.840.1.113883.6.1,LOINC,2157-6
2.16.840.1.113883.6.1,LOINC,3016-3
2.16.840.1.113883.6.1,LOINC,14959-1
2.16.840.1.113883.6.1,LOINC,30313-1
2.16.840.1.113883.6.1,LOINC,33762-6
2.16.840.1.113883.6.1,LOINC,49765-1
2.16.840.1.113883.6.1,LOINC,55284-4
2.16.840.1.113883.6.1,LOINC,8302-2
2.16.840.1.113883.6.1,LOINC,29463-7
2.16.840.1.113883.6.1,LOINC,39156-5
2.16.840.1.113883.6.1,LOINC,8310-5
2.16.840.1.113883.6.1,LOINC,8867-4
2.16.840.1.113883.6.1,LOINC,9279-1
2.16.840.1.113883.6.1,LOINC,8480-6
2.16.840.1.113883.6.1,LOINC,8462-4
2.16.840.1.113883.6.1,LOINC,2947-0
2.16.840.1.113883.6.1,LOINC,2339-0
2.16.840.1.113883.6.1,LOINC,1751-7
2.16.840.1.113883.6.1,LOINC,1759-0
2.16.840.1.113883.6.1,LOINC,2532-0
2.16.840.1.113883.6.1,LOINC,6768-6
2.16.840.1.113883.6.1,LOINC,10466-1
2.16.840.1.113883.6.1,LOINC,14627-4
2.16.840.1.113883.6.1,LOINC,24323-8
2.16.840.1.113883.6.1,LOINC,5902-2
2.16.840.1.113883.6.90,ICD-10-CM,E11.9
2.16.840.1.113883.6.90,ICD-10-CM,I10
2.16.840.1.113883.6.90,ICD-10-CM,J06.9
2.16.840.1.113883.6.90,ICD-10-CM,M54.5
2.16.840.1.113883.6.90,ICD-10-CM,J45.20
2.16.840.1.113883.6.90,ICD-10-CM,F32.1
2.16.840.1.113883.6.90,ICD-10-CM,F41.1
2.16.840.1.113883.6.90,ICD-10-CM,E78.5
2.16.840.1.113883.6.90,ICD-10-CM,K21.0
2.16.840.1.113883.6.90,ICD-10-CM,G43.909
2.16.840.1.113883.6.90,ICD-10-CM,M79.3
2.16.840.1.113883.6.90,ICD-10-CM,J02.9
2.16.840.1.113883.6.90,ICD-10-CM,N39.0
2.16.840.1.113883.6.90,ICD-10-CM,R05.9
2.16.840.1.113883.6.90,ICD-10-CM,J01.90
2.16.840.1.113883.6.90,ICD-10-CM,L30.9
2.16.840.1.113883.6.90,ICD-10-CM,M25.50
2.16.840.1.113883.6.90,ICD-10-CM,R10.9
2.16.840.1.113883.6.90,ICD-10-CM,E03.9
2.16.840.1.113883.6.90,ICD-10-CM,G47.00
2.16.840.1.113883.6.90,ICD-10-CM,R53.83
2.16.840.1.113883.6.90,ICD-10-CM,M17.11
2.16.840.1.113883.6.90,ICD-10-CM,M16.11
2.16.840.1.113883.6.90,ICD-10-CM,E66.9
2.16.840.1.113883.6.90,ICD-10-CM,Z00.00
2.16.840.1.113883.6.90,ICD-10-CM,Z23
2.16.840.1.113883.6.90,ICD-10-CM,Z12.31
2.16.840.1.113883.6.90,ICD-10-CM,Z01.00
2.16.840.1.113883.6.90,ICD-10-CM,Z34.00
2.16.840.1.113883.6.90,ICD-10-CM,Z87.891
2.16.840.1.113883.6.90,ICD-10-CM,J18.9
2.16.840.1.113883.6.90,ICD-10-CM,R07.9
2.16.840.1.113883.6.90,ICD-10-CM,R06.02
2.16.840.1.113883.6.90,ICD-10-CM,H66.90
2.16.840.1.113883.6.90,ICD-10-CM,L70.0
2.16.840.1.113883.6.90,ICD-10-CM,L65.9
2.16.840.1.113883.6.90,ICD-10-CM,J30.1
2.16.840.1.113883.6.90,ICD-10-CM,E11.65
2.16.840.1.113883.6.90,ICD-10-CM,I25.10
2.16.840.1.113883.6.90,ICD-10-CM,J44.1
2.16.840.1.113883.6.90,ICD-10-CM,M06.9
2.16.840.1.113883.6.90,ICD-10-CM,G20
2.16.840.1.113883.6.90,ICD-10-CM,N18.3
2.16.840.1.113883.6.90,ICD-10-CM,K50.90
2.16.840.1.113883.6.90,ICD-10-CM,K51.90
2.16.840.1.113883.6.90,ICD-10-CM,M81.0
2.16.840.1.113883.6.90,ICD-10-CM,G40.909
2.16.840.1.113883.6.90,ICD-10-CM,I48.91
2.16.840.1.113883.6.90,ICD-10-CM,I50.9
2.16.840.1.113883.6.90,ICD-10-CM,D64.9
2.16.840.1.113883.6.12,CPT,99213
2.16.840.1.113883.6.12,CPT,99214
2.16.840.1.113883.6.12,CPT,99215
2.16.840.1.113883.6.12,CPT,99211
2.16.840.1.113883.6.12,CPT,99212
2.16.840.1.113883.6.12,CPT,99201
2.16.840.1.113883.6.12,CPT,99202
2.16.840.1.113883.6.12,CPT,99203
2.16.840.1.113883.6.12,CPT,99204
2.16.840.1.113883.6.12,CPT,99205
2.16.840.1.113883.6.12,CPT,99381
2.16.840.1.113883.6.12,CPT,99382
2.16.840.1.113883.6.12,CPT,99383
2.16.840.1.113883.6.12,CPT,99384
2.16.840.1.113883.6.12,CPT,99385
2.16.840.1.113883.6.12,CPT,99386
2.16.840.1.113883.6.12,CPT,99387
2.16.840.1.113883.6.12,CPT,99391
2.16.840.1.113883.6.12,CPT,99392
2.16.840.1.113883.6.12,CPT,99393
2.16.840.1.113883.6.12,CPT,99394
2.16.840.1.113883.6.12,CPT,99395
2.16.840.1.113883.6.12,CPT,99396
2.16.840.1.113883.6.12,CPT,99397
2.16.840.1.113883.6.12,CPT,90471
2.16.840.1.113883.6.12,CPT,90472
2.16.840.1.113883.6.12,CPT,90473
2.16.840.1.113883.6.12,CPT,90474
2.16.840.1.113883.6.12,CPT,36415
2.16.840.1.113883.6.12,CPT,81001
2.16.840.1.113883.6.12,CPT,81002
2.16.840.1.113883.6.12,CPT,81003
2.16.840.1.113883.6.12,CPT,85025
2.16.840.1.113883.6.12,CPT,85027
2.16.840.1.113883.6.12,CPT,80048
2.16.840.1.113883.6.12,CPT,80050
2.16.840.1.113883.6.12,CPT,80053
2.16.840.1.113883.6.12,CPT,80061
2.16.840.1.113883.6.12,CPT,82947
2.16.840.1.113883.6.12,CPT,83036
2.16.840.1.113883.6.12,CPT,84443
2.16.840.1.113883.6.12,CPT,84439
2.16.840.1.113883.6.12,CPT,87880
2.16.840.1.113883.6.12,CPT,87081
2.16.840.1.113883.6.12,CPT,71046
2.16.840.1.113883.6.12,CPT,71048
2.16.840.1.113883.6.12,CPT,73560
2.16.840.1.113883.6.12,CPT,73562
2.16.840.1.113883.6.12,CPT,73030
2.16.840.1.113883.6.12,CPT,72148
2.16.840.1.113883.6.12,CPT,70553
2.16.840.1.113883.6.12,CPT,93000
2.16.840.1.113883.6.12,CPT,93005
2.16.840.1.113883.6.12,CPT,93010
2.16.840.1.113883.12.292,CVX,03
2.16.840.1.113883.12.292,CVX,05
2.16.840.1.113883.12.292,CVX,06
2.16.840.1.113883.12.292,CVX,07
2.16.840.1.113883.12.292,CVX,08
2.16.840.1.113883.12.292,CVX,09
2.16.840.1.113883.12.292,CVX,10
2.16.840.1.113883.12.292,CVX,20
2.16.840.1.113883.12.292,CVX,21
2.16.840.1.113883.12.292,CVX,22
2.16.840.1.113883.12.292,CVX,33
2.16.840.1.113883.12.292,CVX,43
2.16.840.1.113883.12.292,CVX,44
2.16.840.1.113883.12.292,CVX,48
2.16.840.1.113883.12.292,CVX,49
2.16.840.1.113883.12.292,CVX,50
2.16.840.1.113883.12.292,CVX,52
2.16.840.1.113883.12.292,CVX,62
2.16.840.1.113883.12.292,CVX,83
2.16.840.1.113883.12.292,CVX,88
2.16.840.1.113883.12.292,CVX,89
2.16.840.1.113883.12.292,CVX,94
2.16.840.1.113883.12.292,CVX,104
2.16.840.1.113883.12.292,CVX,110
2.16.840.1.113883.12.292,CVX,113
2.16.840.1.113883.12.292,CVX,114
2.16.840.1.113883.12.292,CVX,115
2.16.840.1.113883.12.292,CVX,116
2.16.840.1.113883.12.292,CVX,118
2.16.840.1.113883.12.292,CVX,119
2.16.840.1.113883.12.292,CVX,120
2.16.840.1.113883.12.292,CVX,121
2.16.840.1.113883.12.292,CVX,130
2.16.840.1.113883.12.292,CVX,133
2.16.840.1.113883.12.292,CVX,134
2.16.840.1.113883.12.292,CVX,135
2.16.840.1.113883.12.292,CVX,136
2.16.840.1.113883.12.292,CVX,140
2.16.840.1.113883.12.292,CVX,141
2.16.840.1.113883.12.292,CVX,143
2.16.840.1.113883.12.292,CVX,144
2.16.840.1.113883.12.292,CVX,150
2.16.840.1.113883.12.292,CVX,155
2.16.840.1.113883.12.292,CVX,158
2.16.840.1.113883.12.292,CVX,160
2.16.840.1.113883.12.292,CVX,161
2.16.840.1.113883.12.292,CVX,162
2.16.840.1.113883.12.292,CVX,165
2.16.840.1.113883.12.292,CVX,166
2.16.840.1.113883.12.292,CVX,175
2.16.840.1.113883.6.69,NDC,00006012731
2.16.840.1.113883.6.69,NDC,00006007231
2.16.840.1.113883.6.69,NDC,00006007431
2.16.840.1.113883.6.69,NDC,00049005001
2.16.840.1.113883.6.69,NDC,00049494023
2.16.840.1.113883.6.69,NDC,00071015523
2.16.840.1.113883.6.69,NDC,00071015623
2.16.840.1.113883.6.69,NDC,00074379913
2.16.840.1.113883.6.69,NDC,00074660101
2.16.840.1.113883.6.69,NDC,00074937401
2.16.840.1.113883.6.69,NDC,00078035715
2.16.840.1.113883.6.69,NDC,00078040105
2.16.840.1.113883.6.69,NDC,00093005801
2.16.840.1.113883.6.69,NDC,00093031101
2.16.840.1.113883.6.69,NDC,00093050501
2.16.840.1.113883.6.69,NDC,00143121001
2.16.840.1.113883.6.69,NDC,00172208960
2.16.840.1.113883.6.69,NDC,00173051000
2.16.840.1.113883.6.69,NDC,00186010101
2.16.840.1.113883.6.69,NDC,00228200111
2.16.840.1.113883.6.69,NDC,00378000101
2.16.840.1.113883.6.69,NDC,00378110001
2.16.840.1.113883.6.69,NDC,00456045001
2.16.840.1.113883.6.69,NDC,00591010101
2.16.840.1.113883.6.69,NDC,00591250501
2.16.840.1.113883.6.69,NDC,00603100121
2.16.840.1.113883.6.69,NDC,00781150101
2.16.840.1.113883.6.69,NDC,00002143380
2.16.840.1.113883.6.69,NDC,00002197501
2.16.840.1.113883.6.69,NDC,00003085221
2.16.840.1.113883.6.69,NDC,00004000109
2.16.840.1.113883.6.69,NDC,00004025601
2.16.840.1.113883.6.69,NDC,00005001505
2.16.840.1.113883.6.69,NDC,00005045005
2.16.840.1.113883.6.69,NDC,00054000125
2.16.840.1.113883.6.69,NDC,00054327025
2.16.840.1.113883.6.69,NDC,00056017070
2.16.840.1.113883.6.69,NDC,00058008001
2.16.840.1.113883.6.69,NDC,00059000101
2.16.840.1.113883.6.69,NDC,00062153001
2.16.840.1.113883.6.69,NDC,00063317030
2.16.840.1.113883.6.69,NDC,00064101001
2.16.840.1.113883.6.69,NDC,00065000301
2.16.840.1.113883.6.69,NDC,00069152030
2.16.840.1.113883.6.69,NDC,00069306030
2.16.840.1.113883.6.69,NDC,00069411030
2.16.840.1.113883.6.69,NDC,00143211001
2.16.840.1.113883.6.69,NDC,00143321001
2.16.840.1.113883.6.69,NDC,00172431060
2.16.840.1.113883.6.69,NDC,00173068000
2.16.840.1.113883.6.69,NDC,00186037101
2.16.840.1.113883.6.285,HCPCS,A0425
2.16.840.1.113883.6.285,HCPCS,A0427
2.16.840.1.113883.6.285,HCPCS,A0428
2.16.840.1.113883.6.285,HCPCS,A0429
2.16.840.1.113883.6.285,HCPCS,A4206
2.16.840.1.113883.6.285,HCPCS,A4207
2.16.840.1.113883.6.285,HCPCS,A4208
2.16.840.1.113883.6.285,HCPCS,A4209
2.16.840.1.113883.6.285,HCPCS,A4210
2.16.840.1.113883.6.285,HCPCS,A4211
2.16.840.1.113883.6.285,HCPCS,A4212
2.16.840.1.113883.6.285,HCPCS,A4213
2.16.840.1.113883.6.285,HCPCS,A4215
2.16.840.1.113883.6.285,HCPCS,A4216
2.16.840.1.113883.6.285,HCPCS,A4217
2.16.840.1.113883.6.285,HCPCS,A4218
2.16.840.1.113883.6.285,HCPCS,A4220
2.16.840.1.113883.6.285,HCPCS,A4221
2.16.840.1.113883.6.285,HCPCS,A4230
2.16.840.1.113883.6.285,HCPCS,A4231
2.16.840.1.113883.6.285,HCPCS,A4232
2.16.840.1.113883.6.285,HCPCS,A4233
2.16.840.1.113883.6.285,HCPCS,A4234
2.16.840.1.113883.6.285,HCPCS,A4235
2.16.840.1.113883.6.285,HCPCS,A4236
2.16.840.1.113883.6.285,HCPCS,A4244
2.16.840.1.113883.6.285,HCPCS,A4245
2.16.840.1.113883.6.285,HCPCS,A4246
2.16.840.1.113883.6.285,HCPCS,A4247
2.16.840.1.113883.6.285,HCPCS,A4248
2.16.840.1.113883.6.285,HCPCS,A4250
2.16.840.1.113883.6.285,HCPCS,A4253
2.16.840.1.113883.6.285,HCPCS,A4256
2.16.840.1.113883.6.285,HCPCS,A4258
2.16.840.1.113883.6.285,HCPCS,A4259
2.16.840.1.113883.6.285,HCPCS,A4261
2.16.840.1.113883.6.285,HCPCS,A4262
2.16.840.1.113883.6.285,HCPCS,A4263
2.16.840.1.113883.6.285,HCPCS,A4264
2.16.840.1.113883.6.285,HCPCS,A4265
2.16.840.1.113883.6.285,HCPCS,A4266
2.16.840.1.113883.6.285,HCPCS,A4267
2.16.840.1.113883.6.285,HCPCS,A4268
2.16.840.1.113883.6.285,HCPCS,A4269
2.16.840.1.113883.6.285,HCPCS,A4270
2.16.840.1.113883.6.285,HCPCS,E0100
2.16.840.1.113883.6.285,HCPCS,E0105
2.16.840.1.113883.6.285,HCPCS,E0110
2.16.840.1.113883.6.285,HCPCS,E0111
2.16.840.1.113883.6.285,HCPCS,E0112
2.16.840.1.113883.6.285,HCPCS,E0113
2.16.840.1.113883.6.285,HCPCS,E0114
2.16.840.1.113883.6.285,HCPCS,E0116
2.16.840.1.113883.6.285,HCPCS,E0117
2.16.840.1.113883.6.285,HCPCS,E0118
