latitude,longitude
38.69812,-90.43562
40.71278,-74.00594
34.05224,-118.24368
41.87818,-87.62979
29.76043,-95.36980
33.44838,-112.07404
29.42412,-98.49363
32.71573,-117.16108
32.77666,-96.79699
37.33821,-121.88633
30.26715,-97.74306
37.77493,-122.41942
42.33143,-83.04575
35.22709,-80.84313
39.76838,-86.15804
47.60621,-122.33207
33.74900,-84.38798
36.17497,-115.13722
25.76168,-80.19180
44.97775,-93.26501
48.88434,-122.50710
36.16589,-86.78444
39.09912,-94.57857
38.90719,-77.03687
33.52066,-86.80249
35.46756,-97.51643
39.96118,-82.99879
40.44062,-79.99589
35.14953,-90.04898
42.36008,-71.05888
36.85297,-75.97798
38.25267,-85.75846
27.95058,-82.45718
26.12231,-80.14338
42.88645,-78.87837
36.07285,-79.79198
30.33218,-81.65566
33.44968,-88.81843
40.01499,-105.27055
43.03890,-87.90647
35.04920,-85.30942
32.22174,-110.92648
37.68889,-97.33611
38.58157,-121.49440
36.74596,-119.77126
33.42093,-111.82264
30.45075,-91.15435
39.73915,-104.98470
41.25616,-95.94043
36.15398,-95.99278
33.57286,-112.08790
42.96336,-85.66809
37.54016,-77.43643
26.71534,-80.05337
35.77959,-78.63818
40.75868,-111.87610
21.30694,-157.85833
39.29038,-76.61219
43.61486,-116.20230
35.38707,-94.39855
41.76371,-72.68509
33.94898,-83.37793
40.05832,-82.40126
34.72649,-86.58583
42.27756,-83.74088
36.10898,-80.24422
30.39603,-88.88531
28.53834,-81.37924
34.00071,-81.03481
39.16532,-86.52639
40.79339,-77.86010
42.49530,-83.17820
33.50786,-112.07681
27.33643,-82.53065
41.66394,-83.55521
38.34023,-75.60049
34.20070,-118.17148
37.97159,-87.57111
40.41670,-86.87529
32.46098,-84.98771
34.74648,-92.28959
39.78373,-89.65043
42.73087,-84.55553
44.95399,-93.08996
38.62727,-90.19789
30.69430,-88.04305
38.95171,-92.33407
40.80754,-74.01248
36.09859,-79.43780
35.96064,-83.92074
43.16103,-77.61092
35.22257,-97.43948
40.69763,-73.97974
33.42551,-111.94007
36.59685,-79.39502
42.10122,-72.58981
28.01194,-82.43018
34.22333,-77.91277
39.95233,-75.16379
26.01242,-80.14949
41.50482,-81.69074
33.42505,-111.86822
40.43482,-79.91644
42.27125,-71.79946
34.18505,-118.31302
37.27188,-79.94143
30.22409,-92.01984
41.03003,-73.62318
33.92068,-84.34438
28.03836,-80.58867
40.58654,-122.39168
35.04563,-85.26774
42.65250,-73.75623
39.11405,-94.62746
26.64235,-81.85566
33.83958,-84.32133
40.52927,-74.86152
38.78101,-90.49770
34.09668,-117.71978
42.12922,-80.08506
41.14998,-81.34068
33.94537,-84.54993
36.06523,-94.17410
40.69149,-73.72708
28.18611,-82.35187
34.25628,-85.16467
39.04372,-77.48749
41.30477,-72.92816
33.39425,-84.76769
35.61452,-88.81395
40.09590,-83.01519
42.73170,-73.69234
30.50518,-90.46148
38.04805,-84.49720
33.20679,-87.56917
40.85677,-74.22626
36.34565,-82.20846
34.95037,-81.93205
42.01087,-87.83446
39.52348,-119.81353
28.54944,-81.77285
33.37032,-112.58378
40.75424,-73.60101
35.37476,-119.01871
42.48063,-83.47538
38.78922,-89.95195
26.27173,-80.27060
33.98424,-81.24563
41.40005,-73.95486
36.33346,-119.29206
40.09218,-74.21776
42.97197,-82.42491
30.21309,-92.06818
38.81048,-90.69985
34.42083,-119.69819
40.91677,-74.17181
42.27530,-83.21076
36.59540,-82.18874
33.50684,-81.97005
40.73593,-74.17237
28.80583,-81.35118
34.18480,-79.76282
39.74477,-75.54659
42.48142,-71.21035
30.40826,-86.86191
38.05002,-78.49937
33.95104,-83.35735
40.86068,-73.78517
36.81898,-76.27527
34.20073,-77.88586
42.25083,-84.40533
39.01860,-84.50580
28.05383,-82.39464
34.07522,-84.29410
40.60754,-75.49023
36.59930,-79.40114
33.68940,-78.88675
42.11499,-72.73953
30.51188,-87.21691
38.73122,-90.30068
34.27083,-118.78137
40.92501,-74.07697
36.84681,-76.28522
33.42094,-82.11514
42.48314,-83.13454
39.16116,-75.52659
28.23917,-82.34573
34.85262,-82.39401
40.74774,-73.98549
36.97228,-122.02596
33.83531,-117.91450
42.33168,-83.04575
39.79977,-89.64371
28.54388,-81.37730
34.42083,-117.29827
40.85010,-74.27098
36.72016,-76.30544
33.57286,-101.84517
42.96198,-78.73697
39.29038,-76.61219
28.06163,-82.41346
34.14778,-118.14452
40.79472,-74.00889
36.85477,-75.97798
33.94424,-118.25897
42.27530,-83.21076
39.10312,-84.51202
28.33382,-81.59068
34.05513,-117.18145
40.48222,-74.25987
36.07285,-79.79198
33.92068,-84.34438
42.33143,-83.04575
39.76838,-86.15804
28.53834,-81.37924
34.22333,-77.91277
40.71278,-74.00594
36.16589,-86.78444
45.52345,-122.67621
42.65064,-73.75484
39.09912,-94.57857
28.01194,-82.43018
34.09668,-117.71978
40.44062,-79.99589
36.74596,-119.77126
33.44838,-112.07404
42.88645,-78.87837
39.96118,-82.99879
28.18611,-82.35187
34.74648,-92.28959
40.80754,-74.01248
36.59685,-79.39502
33.52066,-86.80249
42.36008,-71.05888
39.73915,-104.98470
28.80583,-81.35118
34.42083,-119.69819
40.58654,-122.39168
36.34565,-82.20846
33.83958,-84.32133
42.10122,-72.58981
39.16532,-86.52639
28.54944,-81.77285
34.18505,-118.31302
40.69763,-73.97974
36.10898,-80.24422
33.42551,-111.94007
42.49530,-83.17820
39.52348,-119.81353
29.95107,-90.07153
34.00071,-81.03481
40.05832,-82.40126
36.06523,-94.17410
33.39425,-84.76769
42.01087,-87.83446
39.78373,-89.65043
29.42412,-98.49363
34.20070,-118.17148
40.41670,-86.87529
36.33346,-119.29206
33.50786,-112.07681
42.73087,-84.55553
39.04372,-77.48749
29.76043,-95.36980
34.25628,-85.16467
40.09590,-83.01519
36.59540,-82.18874
33.57286,-112.08790
42.48063,-83.47538
38.90719,-77.03687
30.26715,-97.74306
34.95037,-81.93205
40.91677,-74.17181
36.81898,-76.27527
33.68940,-78.88675
42.12922,-80.08506
38.62727,-90.19789
30.33218,-81.65566
35.04920,-85.30942
40.86068,-73.78517
36.84681,-76.28522
33.83531,-117.91450
42.48314,-83.13454
38.78101,-90.49770
30.45075,-91.15435
35.14953,-90.04898
40.92501,-74.07697
36.97228,-122.02596
33.94537,-84.54993
42.27756,-83.74088
38.95171,-92.33407
30.69430,-88.04305
35.22709,-80.84313
40.85010,-74.27098
36.72016,-76.30544
34.07522,-84.29410
42.25083,-84.40533
38.81048,-90.69985
30.39603,-88.88531
35.46756,-97.51643
40.74774,-73.98549
36.15398,-95.99278
34.42083,-117.29827
42.33168,-83.04575
38.34023,-75.60049
30.50518,-90.46148
35.61452,-88.81395
40.52927,-74.86152
36.09859,-79.43780
34.18480,-79.76282
42.11499,-72.73953
38.04805,-84.49720
30.51188,-87.21691
35.77959,-78.63818
40.60754,-75.49023
36.59930,-79.40114
34.85262,-82.39401
42.96336,-85.66809
38.73122,-90.30068
30.22409,-92.01984
35.96064,-83.92074
40.75424,-73.60101
36.85297,-75.97798
34.72649,-86.58583
42.97197,-82.42491
38.78922,-89.95195
30.21309,-92.06818
35.38707,-94.39855
40.09218,-74.21776
36.93859,-76.32229
34.27083,-118.78137
43.03890,-87.90647
38.05002,-78.49937
31.76860,-106.44235
35.04563,-85.26774
40.85677,-74.22626
37.27188,-79.94143
34.14778,-118.14452
43.16103,-77.61092
38.25267,-85.75846
31.96860,-99.90181
35.37476,-119.01871
40.90121,-74.16390
37.33821,-121.88633
34.05513,-117.18145
43.61486,-116.20230
38.58157,-121.49440
32.22174,-110.92648
35.22257,-97.43948
41.03003,-73.62318
37.54016,-77.43643
34.09668,-117.71978
43.04881,-76.14742
38.69812,-90.43562
32.35126,-95.30106
35.96064,-83.92074
41.14998,-81.34068
37.68889,-97.33611
34.42083,-119.69819
44.05199,-123.08675
38.89511,-77.03637
32.46098,-84.98771
36.06523,-94.17410
41.25616,-95.94043
37.77493,-122.41942
34.74648,-92.28959
44.97775,-93.26501
39.09912,-94.57857
32.71573,-117.16108
36.16589,-86.78444
41.30477,-72.92816
37.97159,-87.57111
34.95037,-81.93205
45.52345,-122.67621
39.16116,-75.52659
32.77666,-96.79699
36.34565,-82.20846
41.40005,-73.95486
38.04805,-84.49720
35.04920,-85.30942
46.87719,-96.78980
39.29038,-76.61219
32.90150,-97.04028
36.59540,-82.18874
41.50482,-81.69074
38.25267,-85.75846
35.14953,-90.04898
47.25288,-122.44429
39.39172,-76.54513
33.20679,-87.56917
36.81898,-76.27527
41.66394,-83.55521
38.34023,-75.60049
35.22709,-80.84313
47.60621,-122.33207
39.52348,-119.81353
33.42094,-82.11514
36.84681,-76.28522
41.76371,-72.68509
38.58157,-121.49440
35.46756,-97.51643
48.75966,-122.48822
39.73915,-104.98470
33.44968,-88.81843
36.97228,-122.02596
41.87818,-87.62979
38.62727,-90.19789
35.61452,-88.81395
48.88434,-122.50710
39.78373,-89.65043
33.50684,-81.97005
36.93859,-76.32229
42.01087,-87.83446
38.69812,-90.43562
35.77959,-78.63818
44.52016,-88.01983
39.96118,-82.99879
33.57286,-101.84517
37.27188,-79.94143
42.10122,-72.58981
38.73122,-90.30068
35.96064,-83.92074
44.95399,-93.08996
40.01499,-105.27055
33.68940,-78.88675
37.33821,-121.88633
42.27125,-71.79946
38.78101,-90.49770
36.07285,-79.79198
45.52345,-122.67621
40.05832,-82.40126
33.83531,-117.91450
37.54016,-77.43643
42.33143,-83.04575
38.78922,-89.95195
36.10898,-80.24422
46.87719,-96.78980
40.09590,-83.01519
33.83958,-84.32133
37.68889,-97.33611
42.36008,-71.05888
38.81048,-90.69985
36.15398,-95.99278
47.25288,-122.44429
40.41670,-86.87529
33.92068,-84.34438
37.77493,-122.41942
42.48063,-83.47538
38.90719,-77.03687
36.33346,-119.29206
47.60621,-122.33207
40.44062,-79.99589
33.94424,-118.25897
37.97159,-87.57111
42.49530,-83.17820
38.95171,-92.33407
36.59685,-79.39502
48.75966,-122.48822
40.58654,-122.39168
33.94537,-84.54993
38.04805,-84.49720
42.65064,-73.75484
39.04372,-77.48749
36.59930,-79.40114
41.03003,-73.62318
40.69149,-73.72708
34.00071,-81.03481
38.05002,-78.49937
42.65250,-73.75623
39.09912,-94.57857
36.72016,-76.30544
41.14998,-81.34068
40.69763,-73.97974
34.05224,-118.24368
38.25267,-85.75846
42.73087,-84.55553
39.16116,-75.52659
36.74596,-119.77126
41.25616,-95.94043
40.71278,-74.00594
34.05513,-117.18145
38.34023,-75.60049
42.73170,-73.69234
39.16532,-86.52639
36.85297,-75.97798
41.30477,-72.92816
40.74774,-73.98549
34.09668,-117.71978
38.58157,-121.49440
42.88645,-78.87837
39.29038,-76.61219
36.85477,-75.97798
41.40005,-73.95486
40.75424,-73.60101
34.14778,-118.14452
38.62727,-90.19789
42.96198,-78.73697
39.39172,-76.54513
36.93859,-76.32229
41.50482,-81.69074
40.75868,-111.87610
34.18480,-79.76282
38.69812,-90.43562
42.96336,-85.66809
39.52348,-119.81353
36.97228,-122.02596
41.66394,-83.55521
40.79339,-77.86010
34.18505,-118.31302
38.73122,-90.30068
42.97197,-82.42491
39.73915,-104.98470
37.27188,-79.94143
41.76371,-72.68509
40.80754,-74.01248
34.20070,-118.17148
38.78101,-90.49770
43.03890,-87.90647
39.78373,-89.65043
37.33821,-121.88633
41.87818,-87.62979
40.85010,-74.27098
34.22333,-77.91277
38.78922,-89.95195
43.04881,-76.14742
39.96118,-82.99879
37.54016,-77.43643
42.01087,-87.83446
40.85677,-74.22626
34.25628,-85.16467
38.81048,-90.69985
43.16103,-77.61092
40.01499,-105.27055
37.68889,-97.33611
42.10122,-72.58981
40.86068,-73.78517
34.27083,-118.78137
38.89511,-77.03637
43.61486,-116.20230
40.05832,-82.40126
37.77493,-122.41942
42.12922,-80.08506
40.90121,-74.16390
34.42083,-117.29827
38.90719,-77.03687
44.05199,-123.08675
40.09218,-74.21776
37.97159,-87.57111
42.25083,-84.40533
40.91677,-74.17181
34.42083,-119.69819
38.95171,-92.33407
44.52016,-88.01983
40.09590,-83.01519
38.04805,-84.49720
42.27125,-71.79946
40.92501,-74.07697
34.72649,-86.58583
39.04372,-77.48749
44.95399,-93.08996
40.41670,-86.87529
38.05002,-78.49937
42.27530,-83.21076
41.03003,-73.62318
34.74648,-92.28959
39.09912,-94.57857
44.97775,-93.26501
40.43482,-79.91644
38.25267,-85.75846
42.27756,-83.74088
41.14998,-81.34068
34.85262,-82.39401
39.16116,-75.52659
45.52345,-122.67621
40.44062,-79.99589
38.34023,-75.60049
42.33143,-83.04575
41.25616,-95.94043
34.95037,-81.93205
39.16532,-86.52639
46.87719,-96.78980
40.48222,-74.25987
38.58157,-121.49440
42.33168,-83.04575
41.30477,-72.92816
35.04563,-85.26774
39.29038,-76.61219
47.25288,-122.44429
40.52927,-74.86152
38.62727,-90.19789
42.36008,-71.05888
41.40005,-73.95486
35.04920,-85.30942
39.39172,-76.54513
47.60621,-122.33207
40.58654,-122.39168
38.69812,-90.43562
42.48063,-83.47538
41.50482,-81.69074
35.14953,-90.04898
39.52348,-119.81353
48.75966,-122.48822
40.60754,-75.49023
38.73122,-90.30068
42.48142,-71.21035
41.66394,-83.55521
35.22257,-97.43948
39.73915,-104.98470
48.88434,-122.50710
40.69149,-73.72708
38.78101,-90.49770
42.48314,-83.13454
41.76371,-72.68509
35.22709,-80.84313
39.78373,-89.65043
29.76043,-95.36980
40.69763,-73.97974
38.78922,-89.95195
42.49530,-83.17820
41.87818,-87.62979
35.37476,-119.01871
39.96118,-82.99879
29.95107,-90.07153
40.71278,-74.00594
38.81048,-90.69985
42.65064,-73.75484
42.01087,-87.83446
35.38707,-94.39855
40.01499,-105.27055
30.26715,-97.74306
40.74774,-73.98549
38.89511,-77.03637
42.65250,-73.75623
42.10122,-72.58981
35.46756,-97.51643
40.05832,-82.40126
30.33218,-81.65566
40.75424,-73.60101
38.90719,-77.03687
42.73087,-84.55553
42.12922,-80.08506
35.61452,-88.81395
40.09218,-74.21776
30.39603,-88.88531
40.75868,-111.87610
38.95171,-92.33407
42.73170,-73.69234
42.25083,-84.40533
35.77959,-78.63818
40.09590,-83.01519
30.45075,-91.15435
40.79339,-77.86010
39.04372,-77.48749
42.88645,-78.87837
42.27530,-83.21076
35.96064,-83.92074
40.41670,-86.87529
30.50518,-90.46148
40.79472,-74.00889
39.09912,-94.57857
42.96198,-78.73697
42.27756,-83.74088
36.06523,-94.17410
40.43482,-79.91644
30.51188,-87.21691
40.80754,-74.01248
39.16116,-75.52659
42.96336,-85.66809
42.33143,-83.04575
36.09859,-79.43780
40.44062,-79.99589
30.69430,-88.04305
40.85010,-74.27098
39.16532,-86.52639
42.97197,-82.42491
42.36008,-71.05888
36.15398,-95.99278
40.48222,-74.25987
30.22409,-92.01984
40.85677,-74.22626
39.29038,-76.61219
43.03890,-87.90647
42.48063,-83.47538
36.16589,-86.78444
40.52927,-74.86152
30.21309,-92.06818
40.86068,-73.78517
39.39172,-76.54513
43.04881,-76.14742
42.48142,-71.21035
36.33346,-119.29206
40.58654,-122.39168
31.76860,-106.44235
40.90121,-74.16390
39.52348,-119.81353
43.16103,-77.61092
42.48314,-83.13454
36.34565,-82.20846
40.60754,-75.49023
31.96860,-99.90181
40.91677,-74.17181
39.73915,-104.98470
43.61486,-116.20230
42.49530,-83.17820
36.59540,-82.18874
40.69149,-73.72708
32.22174,-110.92648
40.92501,-74.07697
39.78373,-89.65043
44.05199,-123.08675
42.65064,-73.75484
36.59685,-79.39502
40.69763,-73.97974
32.35126,-95.30106
41.03003,-73.62318
39.96118,-82.99879
44.52016,-88.01983
42.65250,-73.75623
36.59930,-79.40114
40.71278,-74.00594
32.46098,-84.98771
41.14998,-81.34068
40.01499,-105.27055
44.95399,-93.08996
42.73087,-84.55553
36.72016,-76.30544
40.74774,-73.98549
32.71573,-117.16108
41.25616,-95.94043
40.05832,-82.40126
44.97775,-93.26501
42.73170,-73.69234
36.74596,-119.77126
40.75424,-73.60101
32.77666,-96.79699
41.30477,-72.92816
40.09218,-74.21776
45.52345,-122.67621
42.88645,-78.87837
36.81898,-76.27527
40.75868,-111.87610
32.90150,-97.04028
41.40005,-73.95486
40.09590,-83.01519
46.87719,-96.78980
42.96198,-78.73697
36.84681,-76.28522
40.79339,-77.86010
33.20679,-87.56917
41.50482,-81.69074
40.41670,-86.87529
47.25288,-122.44429
42.96336,-85.66809
36.85297,-75.97798
40.79472,-74.00889
33.37032,-112.58378
41.66394,-83.55521
40.43482,-79.91644
47.60621,-122.33207
42.97197,-82.42491
36.85477,-75.97798
40.80754,-74.01248
33.39425,-84.76769
41.76371,-72.68509
40.44062,-79.99589
48.75966,-122.48822
43.03890,-87.90647
36.93859,-76.32229
40.85010,-74.27098
33.42094,-82.11514
41.87818,-87.62979
40.48222,-74.25987
48.88434,-122.50710
43.04881,-76.14742
36.97228,-122.02596
40.85677,-74.22626
33.42505,-111.86822
42.01087,-87.83446
40.52927,-74.86152
29.42412,-98.49363
43.16103,-77.61092
37.27188,-79.94143
40.86068,-73.78517
33.42551,-111.94007
42.10122,-72.58981
40.58654,-122.39168
29.76043,-95.36980
43.61486,-116.20230
37.33821,-121.88633
40.90121,-74.16390
33.44838,-112.07404
42.12922,-80.08506
40.60754,-75.49023
29.95107,-90.07153
44.05199,-123.08675
37.54016,-77.43643
40.91677,-74.17181
33.44968,-88.81843
42.25083,-84.40533
40.69149,-73.72708
30.26715,-97.74306
44.52016,-88.01983
37.68889,-97.33611
40.92501,-74.07697
33.50684,-81.97005
42.27125,-71.79946
40.69763,-73.97974
30.33218,-81.65566
44.95399,-93.08996
37.77493,-122.41942
41.03003,-73.62318
33.50786,-112.07681
42.27530,-83.21076
40.71278,-74.00594
30.39603,-88.88531
44.97775,-93.26501
37.97159,-87.57111
41.14998,-81.34068
33.52066,-86.80249
42.27756,-83.74088
40.74774,-73.98549
30.45075,-91.15435
45.52345,-122.67621
38.04805,-84.49720
41.25616,-95.94043
33.57286,-101.84517
42.33143,-83.04575
40.75424,-73.60101
30.50518,-90.46148
46.87719,-96.78980
38.05002,-78.49937
41.30477,-72.92816
33.57286,-112.08790
42.33168,-83.04575
40.75868,-111.87610
30.51188,-87.21691
47.25288,-122.44429
38.25267,-85.75846
41.40005,-73.95486
33.68940,-78.88675
42.36008,-71.05888
40.79339,-77.86010
30.69430,-88.04305
47.60621,-122.33207
38.34023,-75.60049
41.50482,-81.69074
33.83531,-117.91450
42.48063,-83.47538
40.79472,-74.00889
30.22409,-92.01984
48.75966,-122.48822
38.58157,-121.49440
41.66394,-83.55521
33.83958,-84.32133
42.48142,-71.21035
40.80754,-74.01248
30.21309,-92.06818
48.88434,-122.50710
38.62727,-90.19789
41.76371,-72.68509
33.92068,-84.34438
42.48314,-83.13454
40.85010,-74.27098
31.76860,-106.44235
34.05224,-118.24368
38.69812,-90.43562
41.87818,-87.62979
33.94424,-118.25897
42.49530,-83.17820
40.85677,-74.22626
31.96860,-99.90181
29.42412,-98.49363
38.73122,-90.30068
42.01087,-87.83446
33.94537,-84.54993
42.65064,-73.75484
40.86068,-73.78517
32.22174,-110.92648
29.76043,-95.36980
38.78101,-90.49770
42.10122,-72.58981
33.95104,-83.35735
42.65250,-73.75623
40.90121,-74.16390
32.35126,-95.30106
29.95107,-90.07153
38.78922,-89.95195
42.12922,-80.08506
34.00071,-81.03481
42.73087,-84.55553
40.91677,-74.17181
32.46098,-84.98771
30.26715,-97.74306
38.81048,-90.69985
42.25083,-84.40533
34.05224,-118.24368
42.73170,-73.69234
40.92501,-74.07697
32.71573,-117.16108
30.33218,-81.65566
38.89511,-77.03637
42.27125,-71.79946
34.05513,-117.18145
42.88645,-78.87837
41.03003,-73.62318
32.77666,-96.79699
30.39603,-88.88531
38.90719,-77.03687
42.27530,-83.21076
34.07522,-84.29410
42.96198,-78.73697
41.14998,-81.34068
32.90150,-97.04028
30.45075,-91.15435
38.95171,-92.33407
42.27756,-83.74088
34.09668,-117.71978
42.96336,-85.66809
41.25616,-95.94043
33.44838,-112.07404
30.50518,-90.46148
39.04372,-77.48749
42.33143,-83.04575
34.14778,-118.14452
42.97197,-82.42491
41.30477,-72.92816
33.52066,-86.80249
30.51188,-87.21691
39.09912,-94.57857
42.33168,-83.04575
34.18480,-79.76282
43.03890,-87.90647
41.40005,-73.95486
33.57286,-112.08790
30.69430,-88.04305
39.16116,-75.52659
42.36008,-71.05888
34.18505,-118.31302
43.04881,-76.14742
41.50482,-81.69074
33.68940,-78.88675
30.22409,-92.01984
39.16532,-86.52639
42.48063,-83.47538
34.20070,-118.17148
43.16103,-77.61092
41.66394,-83.55521
33.83531,-117.91450
30.21309,-92.06818
39.29038,-76.61219
42.48142,-71.21035
34.22333,-77.91277
43.61486,-116.20230
41.76371,-72.68509
33.83958,-84.32133
31.76860,-106.44235
39.39172,-76.54513
42.48314,-83.13454
34.25628,-85.16467
44.05199,-123.08675
41.87818,-87.62979
33.92068,-84.34438
31.96860,-99.90181
39.52348,-119.81353
42.49530,-83.17820
34.27083,-118.78137
44.52016,-88.01983
42.01087,-87.83446
33.94424,-118.25897
32.22174,-110.92648
39.73915,-104.98470
42.65064,-73.75484
34.42083,-117.29827
44.95399,-93.08996
42.10122,-72.58981
33.94537,-84.54993
32.35126,-95.30106
39.78373,-89.65043
42.65250,-73.75623
34.42083,-119.69819
44.97775,-93.26501
42.12922,-80.08506
33.95104,-83.35735
32.46098,-84.98771
39.96118,-82.99879
42.73087,-84.55553
34.72649,-86.58583
45.52345,-122.67621
42.25083,-84.40533
34.00071,-81.03481
32.71573,-117.16108
40.01499,-105.27055
42.73170,-73.69234
34.74648,-92.28959
46.87719,-96.78980
42.27125,-71.79946
34.05224,-118.24368
32.77666,-96.79699
40.05832,-82.40126
42.88645,-78.87837
34.85262,-82.39401
47.25288,-122.44429
42.27530,-83.21076
34.05513,-117.18145
32.90150,-97.04028
40.09218,-74.21776
42.96198,-78.73697
34.95037,-81.93205
47.60621,-122.33207
42.27756,-83.74088
34.07522,-84.29410
33.20679,-87.56917
40.09590,-83.01519
42.96336,-85.66809
35.04563,-85.26774
48.75966,-122.48822
42.33143,-83.04575
34.09668,-117.71978
33.37032,-112.58378
40.41670,-86.87529
42.97197,-82.42491
35.04920,-85.30942
48.88434,-122.50710
42.33168,-83.04575
34.14778,-118.14452
33.39425,-84.76769
40.43482,-79.91644
43.03890,-87.90647
35.14953,-90.04898
21.30694,-157.85833
