ndc,zip_code
00006012731,10001
00006007231,10002
00006007431,10003
00006004231,10004
00006005231,10005
00071015523,10006
00071015623,10007
00071015723,10009
00071015823,10010
00071016023,10011
00074379913,10012
00074380013,10013
00074660101,10014
00074660201,10016
00074937401,10017
00078035715,10018
00078040105,10019
00078060115,10021
00078036015,10022
00078040205,10023
00093005801,10024
00093031101,10025
00093050501,10026
00093102401,10027
00093206201,10028
00093310901,10029
00093505501,10030
00093718001,10031
00093811001,10032
00093006701,10033
00143121001,10034
00143211001,10035
00143321001,10036
00143971001,10037
00172208960,10038
00172431060,10039
00173051000,10040
00173068000,10044
00186010101,10045
00186037101,10065
00186050101,10069
00228200111,10075
00228205711,10103
00228210011,10104
00245010001,10105
00247010030,10106
00254100101,10107
00264751010,10108
00310010030,10109
00378000101,10110
00378110001,10111
00378200101,10112
00378415001,10115
00378520101,10116
00378610501,10117
00456045001,10118
00456102001,10119
00456201001,10120
00456320001,10121
00487010101,10122
00517030125,10123
00555076202,10128
00555090102,10153
00591010101,10154
00591250501,10155
00591350501,10156
00591505001,10158
00603100121,10159
00603254021,10160
00615761039,10161
00781150101,10162
00781205001,10163
00002143380,20001
00002197501,20002
00002300401,20003
00002322730,20004
00002322830,20005
00002322930,20006
00002411201,20007
00002441401,20008
00002441501,20009
00002446230,20010
00002446430,20011
00002751001,20012
00002751501,20014
00002821501,20015
00002822501,20016
00002880501,20017
00003085221,20018
00003085621,20019
00003086021,20024
00003089321,20032
00003089421,20033
00003171211,20034
00003212311,20035
00003213111,20036
00003213311,20037
00003213411,20038
00003506212,20039
00003506312,20040
00003506412,20041
00003508012,20042
00003546111,20043
00003546211,20044
00004000109,30301
00004000209,30302
00004000309,30303
00004002701,30304
00004011001,30305
00004025601,30306
00004025701,30307
00004025801,30308
00004025901,30309
00004110001,30310
00004110101,30311
00004110901,30312
00004115001,30313
00004115101,30314
00004115201,30315
00005001505,30316
00005001905,30317
00005002505,30318
00005002805,30319
00005004605,30320
00005005505,30321
00005006205,30322
00005007105,30324
00005010605,30326
00005011505,30327
00005045005,30328
00005045105,30329
00005045205,30330
00005489560,30331
00005489660,30332
00005489760,30333
00006002131,30334
00006004231,30339
00006004931,30340
00006005231,30341
00006006354,30342
00006007131,30343
00006007231,30344
00006007431,30345
00006010568,30346
00006011731,30349
00006012731,30350
00006014031,30354
00006020731,30360
00006021431,30363
00006027731,30370
00006040101,30375
00006040301,30376
00006040501,30377
00006041001,30378
00006050101,30380
00006071131,30384
00006071231,30385
00006071331,30386
00006071431,30387
00006072031,30388
00006072631,30389
00006073131,30390
00006073531,30392
00006074031,30394
00006074931,30396
00006095131,30398
00006095231,30399
00049005001,60601
00049006001,60602
00049007001,60603
00049008001,60604
00049009001,60605
00049010001,60606
00049350030,60607
00049351030,60608
00049352030,60609
00049353030,60610
00049354030,60611
00049355030,60612
00049356030,60613
00049357030,60614
00049358030,60615
00049359030,60616
00049490030,60617
00049491030,60618
00049492030,60619
00049493030,60620
00049494030,60621
00049494023,60622
00049495030,60623
00049496030,60624
00049497030,60625
00049498030,60626
00049499030,60627
00051010001,60628
00051020001,60629
00051030001,60630
00051040001,60631
00051050001,60632
00051060001,60633
00051070001,60634
00051080001,60635
00051090001,60636
00051100001,60637
00054000125,60638
00054000225,60639
00054000325,60640
00054000425,60641
00054000525,60642
00054000625,60643
00054000725,60644
00054000825,60645
00054000925,60646
00054001025,60647
00054327025,60648
00054327125,60649
00054327225,60650
00054327325,60651
00054327425,60652
00054327525,60653
00054327625,60654
00054327725,60655
00054327825,60656
00054327925,60657
00054411025,70001
00054411125,70002
00054411225,70003
00054411325,70004
00054411425,70005
00054411525,70006
00054411625,70007
00054411725,70008
00054411825,70009
00054411925,70010
00054852725,70011
00054852825,70012
00054852925,70013
00054853025,70014
00054853125,70015
00054853225,70016
00054853325,70017
00054853425,70018
00054853525,70019
00054853625,70020
00056017070,70101
00056017170,70102
00056017270,70103
00056017370,70104
00056017470,70105
00056017570,70106
00056017670,70107
00056017770,70108
00056017870,70109
00056017970,70110
00058008001,70111
00058008101,70112
00058008201,70113
00058008301,70114
00058008401,70115
00058008501,70116
00058008601,70117
00058008701,70118
00058008801,70119
00058008901,70120
00059000101,70121
00059000201,70122
00059000301,70123
00059000401,70124
00059000501,70125
00059000601,70126
00059000701,70127
00059000801,70128
00059000901,70129
00059001001,70130
00062153001,75001
00062153101,75002
00062153201,75003
00062153301,75004
00062153401,75005
00062153501,75006
00062153601,75007
00062153701,75008
00062153801,75009
00062153901,75010
00062187001,75011
00062187101,75012
00062187201,75013
00062187301,75014
00062187401,75015
00062187501,75016
00062187601,75017
00062187701,75018
00062187801,75019
00062187901,75020
00063317030,77001
00063317130,77002
00063317230,77003
00063317330,77004
00063317430,77005
00063317530,77006
00063317630,77007
00063317730,77008
00063317830,77009
00063317930,77010
00064101001,77011
00064101101,77012
00064101201,77013
00064101301,77014
00064101401,77015
00064101501,77016
00064101601,77017
00064101701,77018
00064101801,77019
00064101901,77020
00065000301,77021
00065000401,77022
00065000501,77023
00065000601,77024
00065000701,77025
00065000801,77026
00065000901,77027
00065001001,77028
00065001101,77029
00065001201,77030
00069152030,78201
00069152130,78202
00069152230,78203
00069152330,78204
00069152430,78205
00069152530,78206
00069152630,78207
00069152730,78208
00069152830,78209
00069152930,78210
00069306030,78211
00069306130,78212
00069306230,78213
00069306330,78214
00069306430,78215
00069306530,78216
00069306630,78217
00069306730,78218
00069306830,78219
00069306930,78220
00069411030,78221
00069411130,78222
00069411230,78223
00069411330,78224
00069411430,78225
00069411530,78226
00069411630,78227
00069411730,78228
00069411830,78229
00069411930,78230
00071015523,80001
00071015623,80002
00071015723,80003
00071015823,80004
00071015923,80005
00071016023,80006
00071016123,80007
00071016223,80008
00071016323,80009
00071016423,80010
00071053523,80011
00071053623,80012
00071053723,80013
00071053823,80014
00071053923,80015
00071054023,80016
00071054123,80017
00071054223,80018
00071054323,80019
00071054423,80020
00071101423,80021
00071101523,80022
00071101623,80023
00071101723,80024
00071101823,80025
00071101923,80026
00071102023,80027
00071102123,80028
00071102223,80029
00071102323,80030
00074379913,85001
00074380013,85002
00074380113,85003
00074380213,85004
00074380313,85005
00074380413,85006
00074380513,85007
00074380613,85008
00074380713,85009
00074380813,85010
00074660101,85011
00074660201,85012
00074660301,85013
00074660401,85014
00074660501,85015
00074660601,85016
00074660701,85017
00074660801,85018
00074660901,85019
00074661001,85020
00074937401,85021
00074937501,85022
00074937601,85023
00074937701,85024
00074937801,85025
00074937901,85026
00074938001,85027
00074938101,85028
00074938201,85029
00074938301,85030
00078035715,85201
00078035815,85202
00078035915,85203
00078036015,85204
00078036115,85205
00078036215,85206
00078036315,85207
00078036415,85208
00078036515,85209
00078036615,85210
00078040105,85211
00078040205,85212
00078040305,85213
00078040405,85214
00078040505,85215
00078040605,85216
00078040705,85217
00078040805,85218
00078040905,85219
00078041005,85220
00078060115,85221
00078060215,85222
00078060315,85223
00078060415,85224
00078060515,85225
00078060615,85226
00078060715,85227
00078060815,85228
00078060915,85229
00078061015,85230
00085128301,90001
00085128401,90002
00085128501,90003
00085128601,90004
00085128701,90005
00085128801,90006
00085128901,90007
00085129001,90008
00085129101,90009
00085129201,90010
00085421001,90011
00085421101,90012
00085421201,90013
00085421301,90014
00085421401,90015
00085421501,90016
00085421601,90017
00085421701,90018
00085421801,90019
00085421901,90020
00093005801,90201
00093005901,90202
00093006001,90203
00093006101,90204
00093006201,90205
00093006301,90206
00093006401,90207
00093006501,90208
00093006601,90209
00093006701,90210
00093031101,90211
00093031201,90212
00093031301,90213
00093031401,90214
00093031501,90215
00093031601,90216
00093031701,90217
00093031801,90218
00093031901,90219
00093032001,90220
00093050501,90221
00093050601,90222
00093050701,90223
00093050801,90224
00093050901,90225
00093051001,90226
00093051101,90227
00093051201,90228
00093051301,90229
00093051401,90230
00093102401,90231
00093102501,90232
00093102601,90233
00093102701,90234
00093102801,90235
00093102901,90236
00093103001,90237
00093103101,90238
00093103201,90239
00093103301,90240
00093206201,90241
00093206301,90242
00093206401,90243
00093206501,90244
00093206601,90245
00093206701,90246
00093206801,90247
00093206901,90248
00093207001,90249
00093207101,90250
00093310901,90251
00093311001,90252
00093311101,90253
00093311201,90254
00093311301,90255
00093311401,90256
00093311501,90257
00093311601,90258
00093311701,90259
00093311801,90260
00093505501,90261
00093505601,90262
00093505701,90263
00093505801,90264
00093505901,90265
00093506001,90266
00093506101,90267
00093506201,90268
00093506301,90269
00093506401,90270
00093718001,90271
00093718101,90272
00093718201,90273
00093718301,90274
00093718401,90275
00093718501,90276
00093718601,90277
00093718701,90278
00093718801,90279
00093718901,90280
00093811001,90281
00093811101,90282
00093811201,90283
00093811301,90284
00093811401,90285
00093811501,90286
00093811601,90287
00093811701,90288
00093811801,90289
00093811901,90290
00143121001,90291
00143121101,90292
00143121201,90293
00143121301,90294
00143121401,90295
00143121501,90296
00143121601,90297
00143121701,90298
00143121801,90299
00143121901,90300
00143211001,90301
00143211101,90302
00143211201,90303
00143211301,90304
00143211401,90305
00143211501,90306
00143211601,90307
00143211701,90308
00143211801,90309
00143211901,90310
00143321001,90311
00143321101,90312
00143321201,90313
00143321301,90314
00143321401,90315
00143321501,90316
00143321601,90317
00143321701,90318
00143321801,90319
00143321901,90320
00143971001,90321
00143971101,90322
00143971201,90323
00143971301,90324
00143971401,90325
00143971501,90326
00143971601,90327
00143971701,90328
00143971801,90329
00143971901,90330
00172208960,90401
00172209060,90402
00172209160,90403
00172209260,90404
00172209360,90405
00172209460,90406
00172209560,90407
00172209660,90408
00172209760,90409
00172209860,90410
00172431060,90411
00172431160,90412
00172431260,90413
00172431360,90414
00172431460,90415
00172431560,90416
00172431660,90417
00172431760,90418
00172431860,90419
00172431960,90420
00173051000,90501
00173051100,90502
00173051200,90503
00173051300,90504
00173051400,90505
00173051500,90506
00173051600,90507
00173051700,90508
00173051800,90509
00173051900,90510
00173068000,90511
00173068100,90512
00173068200,90513
00173068300,90514
00173068400,90515
00173068500,90516
00173068600,90517
00173068700,90518
00173068800,90519
00173068900,90520
00186010101,90601
00186010201,90602
00186010301,90603
00186010401,90604
00186010501,90605
00186010601,90606
00186010701,90607
00186010801,90608
00186010901,90609
00186011001,90610
00186037101,90611
00186037201,90612
00186037301,90613
00186037401,90614
00186037501,90615
00186037601,90616
00186037701,90617
00186037801,90618
00186037901,90619
00186038001,90620
00186050101,90621
00186050201,90622
00186050301,90623
00186050401,90624
00186050501,90625
00186050601,90626
00186050701,90627
00186050801,90628
00186050901,90629
00186051001,90630
00228200111,90701
00228200211,90702
00228200311,90703
00228200411,90704
00228200511,90705
00228200611,90706
00228200711,90707
00228200811,90708
00228200911,90709
00228201011,90710
00228205711,90711
00228205811,90712
00228205911,90713
00228206011,90714
00228206111,90715
00228206211,90716
00228206311,90717
00228206411,90718
00228206511,90719
00228206611,90720
00378000101,91001
00378000201,91002
00378000301,91003
00378000401,91004
00378000501,91005
00378000601,91006
00378000701,91007
00378000801,91008
00378000901,91009
00378001001,91010
00378110001,91011
00378110101,91012
00378110201,91013
00378110301,91014
00378110401,91015
00378110501,91016
00378110601,91017
00378110701,91018
00378110801,91019
00378110901,91020
00378200101,91021
00378200201,91022
00378200301,91023
00378200401,91024
00378200501,91025
00378200601,91026
00378200701,91027
00378200801,91028
00378200901,91029
00378201001,91030
00378415001,91031
00378415101,91032
00378415201,91033
00378415301,91034
00378415401,91035
00378415501,91036
00378415601,91037
00378415701,91038
00378415801,91039
00378415901,91040
00378520101,91041
00378520201,91042
00378520301,91043
00378520401,91044
00378520501,91045
00378520601,91046
00378520701,91047
00378520801,91048
00378520901,91049
00378521001,91050
00378610501,91051
00378610601,91052
00378610701,91053
00378610801,91054
00378610901,91055
00378611001,91056
00378611101,91057
00378611201,91058
00378611301,91059
00378611401,91060
00456045001,92001
00456045101,92002
00456045201,92003
00456045301,92004
00456045401,92005
00456045501,92006
00456045601,92007
00456045701,92008
00456045801,92009
00456045901,92010
00456102001,92011
00456102101,92012
00456102201,92013
00456102301,92014
00456102401,92015
00456102501,92016
00456102601,92017
00456102701,92018
00456102801,92019
00456102901,92020
00456201001,92021
00456201101,92022
00456201201,92023
00456201301,92024
00456201401,92025
00456201501,92026
00456201601,92027
00456201701,92028
00456201801,92029
00456201901,92030
00456320001,92031
00456320101,92032
00456320201,92033
00456320301,92034
00456320401,92035
00456320501,92036
00456320601,92037
00456320701,92038
00456320801,92039
00456320901,92040
00591010101,93001
00591010201,93002
00591010301,93003
00591010401,93004
00591010501,93005
00591010601,93006
00591010701,93007
00591010801,93008
00591010901,93009
00591011001,93010
00591250501,93011
00591250601,93012
00591250701,93013
00591250801,93014
00591250901,93015
00591251001,93016
00591251101,93017
00591251201,93018
00591251301,93019
00591251401,93020
00591350501,93021
00591350601,93022
00591350701,93023
00591350801,93024
00591350901,93025
00591351001,93026
00591351101,93027
00591351201,93028
00591351301,93029
00591351401,93030
00591505001,93031
00591505101,93032
00591505201,93033
00591505301,93034
00591505401,93035
00591505501,93036
00591505601,93037
00591505701,93038
00591505801,93039
00591505901,93040
