Payer Name,Network Category,Network ID,NPI,NPI Name,Billing Code,Billing Code Description,,,,
UnitedHealthcare - UMR,,6ee5971f072d002c,1801800594,PORTERCARE ADVENTIST HEALTH SYSTEM,84153,ASSAY OF PSA TOTAL.,,,,
UnitedHealthcare - UMR,,6ee5971f072d002c,1801800594,PORTERCARE ADVENTIST HEALTH SYSTEM,87186,MICROBE SUSCEPTIBLE MIC.,,,,
UnitedHealthcare - UMR,,6ee5971f072d002c,1801800594,PORTERCARE ADVENTIST HEALTH SYSTEM,52000,CYSTOSCOPY.,,,,
UnitedHealthcare - UMR,,6ee5971f072d002c,1801800594,PORTERCARE ADVENTIST HEALTH SYSTEM,97535,SELF CARE MNGMENT TRAINING.,,,,
UnitedHealthcare - UMR,,6ee5971f072d002c,1801800594,PORTERCARE ADVENTIST HEALTH SYSTEM,74181,MRI ABDOMEN W/O DYE.,,,,
UnitedHealthcare - UMR,,6ee5971f072d002c,1801800594,PORTERCARE ADVENTIST HEALTH SYSTEM,94010,BREATHING CAPACITY TEST.,,,,
UnitedHealthcare - UMR,,6ee5971f072d002c,1285641514,LONG ISLAND JEWISH MEDICAL CENTER,49650,LAP ING HERNIA REPAIR INIT.,,,,
UnitedHealthcare - UMR,,6ee5971f072d002c,1285641514,LONG ISLAND JEWISH MEDICAL CENTER,71046,CHEST X-RAY.,,,,
UnitedHealthcare - UMR,,6ee5971f072d002c,1285641514,LONG ISLAND JEWISH MEDICAL CENTER,87186,MICROBE SUSCEPTIBLE MIC.,,,,
UnitedHealthcare - UMR,,6ee5971f072d002c,1285641514,LONG ISLAND JEWISH MEDICAL CENTER,76770,US EXAM ABDO BACK WALL COMP.,,,,
UnitedHealthcare - UMR,,6ee5971f072d002c,1285641514,LONG ISLAND JEWISH MEDICAL CENTER,93970,EXTREMITY STUDY.,,,,
UnitedHealthcare - UMR,,6ee5971f072d002c,1285641514,LONG ISLAND JEWISH MEDICAL CENTER,90707,MMR VACCINE SC.,,,,
UnitedHealthcare - UMR,,6ee5971f072d002c,1285641514,LONG ISLAND JEWISH MEDICAL CENTER,99203,OFFICE/OUTPATIENT VISIT NEW.,,,,
UnitedHealthcare - UMR,,6ee5971f072d002c,1821074196,BOULDER COMMUNITY HEALTH,76813,OB US NUCHAL MEAS 1 GEST.,,,,
UnitedHealthcare - UMR,,6ee5971f072d002c,1821074196,BOULDER COMMUNITY HEALTH,99214,OFFICE/OUTPATIENT VISIT EST.,,,,
UnitedHealthcare - UMR,,6ee5971f072d002c,1821074196,BOULDER COMMUNITY HEALTH,87040,BLOOD CULTURE FOR BACTERIA.,,,,
UnitedHealthcare - UMR,,6ee5971f072d002c,1821074196,BOULDER COMMUNITY HEALTH,73090,X-RAY EXAM OF FOREARM.,,,,
UnitedHealthcare - UMR,,6ee5971f072d002c,1821074196,BOULDER COMMUNITY HEALTH,88312,SPECIAL STAINS GROUP 1.,,,,
UnitedHealthcare - UMR,,6ee5971f072d002c,1821074196,BOULDER COMMUNITY HEALTH,71101,X-RAY EXAM UNILAT RIBS/CHEST.,,,,
UnitedHealthcare - UMR,,6ee5971f072d002c,1821074196,BOULDER COMMUNITY HEALTH,83013,H PYLORI (C-13) BREATH.,,,,
Aetna,,a090692640b320d9,1548202641,"BETH ISRAEL DEACONESS MEDICAL CENTER, INC.",76813,OB US NUCHAL MEAS 1 GEST.,,,,
Aetna,,a090692640b320d9,1548202641,"BETH ISRAEL DEACONESS MEDICAL CENTER, INC.",99214,OFFICE/OUTPATIENT VISIT EST.,,,,
Aetna,,a090692640b320d9,1548202641,"BETH ISRAEL DEACONESS MEDICAL CENTER, INC.",88142,CYTOPATH C/V THIN LAYER.,,,,
Aetna,,a090692640b320d9,1548202641,"BETH ISRAEL DEACONESS MEDICAL CENTER, INC.",87210,SMEAR WET MOUNT SALINE/INK.,,,,
Aetna,,a090692640b320d9,1548202641,"BETH ISRAEL DEACONESS MEDICAL CENTER, INC.",87040,BLOOD CULTURE FOR BACTERIA.,,,,
Aetna,,a090692640b320d9,1548202641,"BETH ISRAEL DEACONESS MEDICAL CENTER, INC.",73090,X-RAY EXAM OF FOREARM.,,,,
Aetna,,a090692640b320d9,1023049236,THE GENERAL HOSPITAL CORPORATION,88142,CYTOPATH C/V THIN LAYER.,,,,
Aetna,,a090692640b320d9,1023049236,THE GENERAL HOSPITAL CORPORATION,87210,SMEAR WET MOUNT SALINE/INK.,,,,
Aetna,,a090692640b320d9,1023049236,THE GENERAL HOSPITAL CORPORATION,87040,BLOOD CULTURE FOR BACTERIA.,,,,
Aetna,,a090692640b320d9,1023049236,THE GENERAL HOSPITAL CORPORATION,73090,X-RAY EXAM OF FOREARM.,,,,
Aetna,,a090692640b320d9,1023049236,THE GENERAL HOSPITAL CORPORATION,88312,SPECIAL STAINS GROUP 1.,,,,
Aetna,,a090692640b320d9,1023049236,THE GENERAL HOSPITAL CORPORATION,45385,COLONOSCOPY W/LESION REMOVAL.,,,,
Aetna,,a090692640b320d9,1023049236,THE GENERAL HOSPITAL CORPORATION,73660,X-RAY EXAM OF TOE(S).,,,,
Aetna,,a090692640b320d9,1134144801,HENRY FORD HEALTH SYSTEM,87186,MICROBE SUSCEPTIBLE MIC.,,,,
Aetna,,a090692640b320d9,1134144801,HENRY FORD HEALTH SYSTEM,87210,SMEAR WET MOUNT SALINE/INK.,,,,
Aetna,,a090692640b320d9,1134144801,HENRY FORD HEALTH SYSTEM,45385,COLONOSCOPY W/LESION REMOVAL.,,,,
Aetna,,a090692640b320d9,1134144801,HENRY FORD HEALTH SYSTEM,73660,X-RAY EXAM OF TOE(S).,,,,
Aetna,,a090692640b320d9,1134144801,HENRY FORD HEALTH SYSTEM,51741,ELECTRO-UROFLOWMETRY FIRST.,,,,
Aetna,,a090692640b320d9,1134144801,HENRY FORD HEALTH SYSTEM,76770,US EXAM ABDO BACK WALL COMP.,,,,
Aetna,,a090692640b320d9,1134144801,HENRY FORD HEALTH SYSTEM,43235,EGD DIAGNOSTIC BRUSH WASH.,,,,
Cigna,PPO,4f0869e3721ddf18,1801992631,NYU LANGONE HOSPITALS,71046,CHEST X-RAY.,,,,
Cigna,PPO,4f0869e3721ddf18,1801992631,NYU LANGONE HOSPITALS,95004,PERCUT ALLERGY SKIN TESTS.,,,,
Cigna,PPO,4f0869e3721ddf18,1801992631,NYU LANGONE HOSPITALS,83013,H PYLORI (C-13) BREATH.,,,,
Cigna,PPO,4f0869e3721ddf18,1801992631,NYU LANGONE HOSPITALS,99213,OFFICE/OUTPATIENT VISIT EST.,,,,
Cigna,PPO,4f0869e3721ddf18,1801992631,NYU LANGONE HOSPITALS,76705,ECHO EXAM OF ABDOMEN.,,,,
Cigna,PPO,4f0869e3721ddf18,1801992631,NYU LANGONE HOSPITALS,82784,ASSAY IGA/IGD/IGG/IGM EACH.,,,,
Cigna,PPO,4f0869e3721ddf18,1801992631,NYU LANGONE HOSPITALS,84480,ASSAY TRIIODOTHYRONINE (T3).,,,,
Cigna,PPO,4f0869e3721ddf18,1578778726,YALE NEW HAVEN HOSPITAL,76813,OB US NUCHAL MEAS 1 GEST.,,,,
Cigna,PPO,4f0869e3721ddf18,1578778726,YALE NEW HAVEN HOSPITAL,99214,OFFICE/OUTPATIENT VISIT EST.,,,,
Cigna,PPO,4f0869e3721ddf18,1578778726,YALE NEW HAVEN HOSPITAL,95004,PERCUT ALLERGY SKIN TESTS.,,,,
Cigna,PPO,4f0869e3721ddf18,1578778726,YALE NEW HAVEN HOSPITAL,76770,US EXAM ABDO BACK WALL COMP.,,,,
Cigna,PPO,4f0869e3721ddf18,1578778726,YALE NEW HAVEN HOSPITAL,74181,MRI ABDOMEN W/O DYE.,,,,
Cigna,PPO,4f0869e3721ddf18,1578778726,YALE NEW HAVEN HOSPITAL,84480,ASSAY TRIIODOTHYRONINE (T3).,,,,
Cigna,PPO,4f0869e3721ddf18,1578778726,YALE NEW HAVEN HOSPITAL,70450,CT HEAD/BRAIN W/O DYE.,,,,
Cigna,PPO,4f0869e3721ddf18,1831151455,"UMASS MEMORIAL MEDICAL CENTER, INC.",76813,OB US NUCHAL MEAS 1 GEST.,,,,
Cigna,PPO,4f0869e3721ddf18,1831151455,"UMASS MEMORIAL MEDICAL CENTER, INC.",90710,MMRV VACCINE SC.,,,,
Cigna,PPO,4f0869e3721ddf18,1831151455,"UMASS MEMORIAL MEDICAL CENTER, INC.",87186,MICROBE SUSCEPTIBLE MIC.,,,,
Cigna,PPO,4f0869e3721ddf18,1831151455,"UMASS MEMORIAL MEDICAL CENTER, INC.",71101,X-RAY EXAM UNILAT RIBS/CHEST.,,,,
Cigna,PPO,4f0869e3721ddf18,1831151455,"UMASS MEMORIAL MEDICAL CENTER, INC.",83013,H PYLORI (C-13) BREATH.,,,,
Cigna,PPO,4f0869e3721ddf18,1831151455,"UMASS MEMORIAL MEDICAL CENTER, INC.",90746,HEPB VACCINE 3 DOSE ADULT IM.,,,,
Cigna,PPO,4f0869e3721ddf18,1831151455,"UMASS MEMORIAL MEDICAL CENTER, INC.",82784,ASSAY IGA/IGD/IGG/IGM EACH.,,,,
Cigna,HMO,db14a65f7ded3c89,1063406551,COUNTY OF SANTA CLARA,83718,ASSAY OF LIPOPROTEIN.,,,,
Cigna,HMO,db14a65f7ded3c89,1063406551,COUNTY OF SANTA CLARA,84153,ASSAY OF PSA TOTAL.,,,,
Cigna,HMO,db14a65f7ded3c89,1063406551,COUNTY OF SANTA CLARA,73660,X-RAY EXAM OF TOE(S).,,,,
Cigna,HMO,db14a65f7ded3c89,1063406551,COUNTY OF SANTA CLARA,76830,TRANSVAGINAL US NON-OB.,,,,
Cigna,HMO,db14a65f7ded3c89,1063406551,COUNTY OF SANTA CLARA,93970,EXTREMITY STUDY.,,,,
Cigna,HMO,db14a65f7ded3c89,1063406551,COUNTY OF SANTA CLARA,80074,ACUTE HEPATITIS PANEL.,,,,
Cigna,HMO,db14a65f7ded3c89,1063406551,COUNTY OF SANTA CLARA,76514,ECHO EXAM OF EYE THICKNESS.,,,,
Cigna,HMO,db14a65f7ded3c89,1851346720,ASHLAND HOSPITAL CORPORATION,52310,CYSTOSCOPY AND TREATMENT.,,,,
Cigna,HMO,db14a65f7ded3c89,1851346720,ASHLAND HOSPITAL CORPORATION,77066,DX MAMMO INCL CAD BI.,,,,
Cigna,HMO,db14a65f7ded3c89,1851346720,ASHLAND HOSPITAL CORPORATION,88142,CYTOPATH C/V THIN LAYER.,,,,
Cigna,HMO,db14a65f7ded3c89,1851346720,ASHLAND HOSPITAL CORPORATION,87210,SMEAR WET MOUNT SALINE/INK.,,,,
Cigna,HMO,db14a65f7ded3c89,1851346720,ASHLAND HOSPITAL CORPORATION,76830,TRANSVAGINAL US NON-OB.,,,,
Cigna,HMO,db14a65f7ded3c89,1609869916,HAZARD ARH REGIONAL MEDICAL CENTER,71046,CHEST X-RAY.,,,,
Cigna,HMO,db14a65f7ded3c89,1609869916,HAZARD ARH REGIONAL MEDICAL CENTER,87186,MICROBE SUSCEPTIBLE MIC.,,,,
Cigna,HMO,db14a65f7ded3c89,1609869916,HAZARD ARH REGIONAL MEDICAL CENTER,76642,ULTRASOUND BREAST LIMITED.,,,,
Cigna,HMO,db14a65f7ded3c89,1609869916,HAZARD ARH REGIONAL MEDICAL CENTER,76830,TRANSVAGINAL US NON-OB.,,,,
Cigna,HMO,db14a65f7ded3c89,1609869916,HAZARD ARH REGIONAL MEDICAL CENTER,95886,MUSC TEST DONE W/N TEST COMP.,,,,
Cigna,HMO,db14a65f7ded3c89,1609869916,HAZARD ARH REGIONAL MEDICAL CENTER,73100,X-RAY EXAM OF WRIST.,,,,
UnitedHealthcare,PPO,27c42f9df6a32aff,1689624686,DENVER HEALTH AND HOSPITAL AUTHORITY,87186,MICROBE SUSCEPTIBLE MIC.,,,,
UnitedHealthcare,PPO,27c42f9df6a32aff,1689624686,DENVER HEALTH AND HOSPITAL AUTHORITY,45385,COLONOSCOPY W/LESION REMOVAL.,,,,
UnitedHealthcare,PPO,27c42f9df6a32aff,1689624686,DENVER HEALTH AND HOSPITAL AUTHORITY,73660,X-RAY EXAM OF TOE(S).,,,,
UnitedHealthcare,PPO,27c42f9df6a32aff,1689624686,DENVER HEALTH AND HOSPITAL AUTHORITY,92004,EYE EXAM NEW PATIENT.,,,,
UnitedHealthcare,PPO,27c42f9df6a32aff,1689624686,DENVER HEALTH AND HOSPITAL AUTHORITY,90791,PSYCH DIAGNOSTIC EVALUATION.,,,,
UnitedHealthcare,PPO,27c42f9df6a32aff,1689624686,DENVER HEALTH AND HOSPITAL AUTHORITY,73100,X-RAY EXAM OF WRIST.,,,,
UnitedHealthcare,PPO,27c42f9df6a32aff,1689747552,UNM HOSPITAL,87186,MICROBE SUSCEPTIBLE MIC.,,,,
UnitedHealthcare,PPO,27c42f9df6a32aff,1689747552,UNM HOSPITAL,90734,MENACWYD/MENACWYCRM VACC IM.,,,,
UnitedHealthcare,PPO,27c42f9df6a32aff,1689747552,UNM HOSPITAL,45385,COLONOSCOPY W/LESION REMOVAL.,,,,
UnitedHealthcare,PPO,27c42f9df6a32aff,1689747552,UNM HOSPITAL,51741,ELECTRO-UROFLOWMETRY FIRST.,,,,
UnitedHealthcare,PPO,27c42f9df6a32aff,1689747552,UNM HOSPITAL,70551,MRI BRAIN STEM W/O DYE.,,,,
UnitedHealthcare,PPO,27c42f9df6a32aff,1689747552,UNM HOSPITAL,97597,RMVL DEVITAL TIS 20 CM/<.,,,,
UnitedHealthcare,PPO,27c42f9df6a32aff,1144397134,UCH-MHS,49650,LAP ING HERNIA REPAIR INIT.,,,,
UnitedHealthcare,PPO,27c42f9df6a32aff,1144397134,UCH-MHS,71046,CHEST X-RAY.,,,,
UnitedHealthcare,PPO,27c42f9df6a32aff,1144397134,UCH-MHS,93000,ELECTROCARDIOGRAM COMPLETE.,,,,
UnitedHealthcare,PPO,27c42f9df6a32aff,1144397134,UCH-MHS,77066,DX MAMMO INCL CAD BI.,,,,
UnitedHealthcare,PPO,27c42f9df6a32aff,1144397134,UCH-MHS,76770,US EXAM ABDO BACK WALL COMP.,,,,
UnitedHealthcare,PPO,27c42f9df6a32aff,1144397134,UCH-MHS,73100,X-RAY EXAM OF WRIST.,,,,
UnitedHealthcare,HMO,a60f0f1a33a5072c,1679525919,THE CLEVELAND CLINIC FOUNDATION,52310,CYSTOSCOPY AND TREATMENT.,,,,
UnitedHealthcare,HMO,a60f0f1a33a5072c,1679525919,THE CLEVELAND CLINIC FOUNDATION,71046,CHEST X-RAY.,,,,
UnitedHealthcare,HMO,a60f0f1a33a5072c,1679525919,THE CLEVELAND CLINIC FOUNDATION,52000,CYSTOSCOPY.,,,,
UnitedHealthcare,HMO,a60f0f1a33a5072c,1679525919,THE CLEVELAND CLINIC FOUNDATION,55250,EXCISION PROCEDURES ON THE VAS DEFERENS.,,,,
UnitedHealthcare,HMO,a60f0f1a33a5072c,1679525919,THE CLEVELAND CLINIC FOUNDATION,11900,INJECT SKIN LESIONS </W 7,,,,
UnitedHealthcare,HMO,a60f0f1a33a5072c,1679525919,THE CLEVELAND CLINIC FOUNDATION,82784,ASSAY IGA/IGD/IGG/IGM EACH.,,,,
UnitedHealthcare,HMO,a60f0f1a33a5072c,1194706655,YUMA REGIONAL MEDICAL CENTER,95115,IMMUNOTHERAPY ONE INJECTION.,,,,
UnitedHealthcare,HMO,a60f0f1a33a5072c,1194706655,YUMA REGIONAL MEDICAL CENTER,77066,DX MAMMO INCL CAD BI.,,,,
UnitedHealthcare,HMO,a60f0f1a33a5072c,1194706655,YUMA REGIONAL MEDICAL CENTER,97535,SELF CARE MNGMENT TRAINING.,,,,
UnitedHealthcare,HMO,a60f0f1a33a5072c,1194706655,YUMA REGIONAL MEDICAL CENTER,76830,TRANSVAGINAL US NON-OB.,,,,
UnitedHealthcare,HMO,a60f0f1a33a5072c,1194706655,YUMA REGIONAL MEDICAL CENTER,95886,MUSC TEST DONE W/N TEST COMP.,,,,
UnitedHealthcare,HMO,a60f0f1a33a5072c,1194706655,YUMA REGIONAL MEDICAL CENTER,84154,PSA (prostate specific antigen) measurement.,,,,
UnitedHealthcare,HMO,a60f0f1a33a5072c,1952476988,MONTEFIORE MEDICAL CENTER,49650,LAP ING HERNIA REPAIR INIT.,,,,
UnitedHealthcare,HMO,a60f0f1a33a5072c,1952476988,MONTEFIORE MEDICAL CENTER,71046,CHEST X-RAY.,,,,
UnitedHealthcare,HMO,a60f0f1a33a5072c,1952476988,MONTEFIORE MEDICAL CENTER,77066,DX MAMMO INCL CAD BI.,,,,
UnitedHealthcare,HMO,a60f0f1a33a5072c,1952476988,MONTEFIORE MEDICAL CENTER,99384,PREV VISIT NEW AGE 12-17.,,,,
UnitedHealthcare,HMO,a60f0f1a33a5072c,1952476988,MONTEFIORE MEDICAL CENTER,76830,TRANSVAGINAL US NON-OB.,,,,
UnitedHealthcare,HMO,a60f0f1a33a5072c,1952476988,MONTEFIORE MEDICAL CENTER,95886,MUSC TEST DONE W/N TEST COMP.,,,,
