pricing_query,billing_code,procedure_name,payer_network_id,npi,state,zip_code
PSA Test,84153,ASSAY OF PSA TOTAL.,6ee5971f072d002c,1801800594,CO,80210
Antibiotic Susceptibility,87186,MICROBE SUSCEPTIBLE MIC.,6ee5971f072d002c,1801800594,CO,80210
Cystoscopy,52000,CYSTOSCOPY.,6ee5971f072d002c,1801800594,CO,80210
Self Care Training,97535,SELF CARE MNGMENT TRAINING.,6ee5971f072d002c,1801800594,CO,80210
MRI Abdomen,74181,MRI ABDOMEN W/O DYE.,6ee5971f072d002c,1801800594,CO,80210
Breathing Test,94010,BREATHING CAPACITY TEST.,6ee5971f072d002c,1801800594,CO,80210
Hernia Repair,49650,LAP ING HERNIA REPAIR INIT.,6ee5971f072d002c,1285641514,NY,11040
Chest X-Ray,71046,CHEST X-RAY.,6ee5971f072d002c,1285641514,NY,11040
Antibiotic Susceptibility,87186,MICROBE SUSCEPTIBLE MIC.,6ee5971f072d002c,1285641514,NY,11040
Abdominal Ultrasound,76770,US EXAM ABDO BACK WALL COMP.,6ee5971f072d002c,1285641514,NY,11040
Vascular Study,93970,EXTREMITY STUDY.,6ee5971f072d002c,1285641514,NY,11040
MMR Vaccine,90707,MMR VACCINE SC.,6ee5971f072d002c,1285641514,NY,11040
Office Visit,99203,OFFICE/OUTPATIENT VISIT NEW.,6ee5971f072d002c,1285641514,NY,11040
Pregnancy Ultrasound,76813,OB US NUCHAL MEAS 1 GEST.,6ee5971f072d002c,1821074196,CO,80303
Office Visit,99214,OFFICE/OUTPATIENT VISIT EST.,6ee5971f072d002c,1821074196,CO,80303
Blood Culture,87040,BLOOD CULTURE FOR BACTERIA.,6ee5971f072d002c,1821074196,CO,80303
Forearm X-Ray,73090,X-RAY EXAM OF FOREARM.,6ee5971f072d002c,1821074196,CO,80303
Special Stains,88312,SPECIAL STAINS GROUP 1.,6ee5971f072d002c,1821074196,CO,80303
Rib X-Ray,71101,X-RAY EXAM UNILAT RIBS/CHEST.,6ee5971f072d002c,1821074196,CO,80303
H Pylori Breath Test,83013,H PYLORI (C-13) BREATH.,6ee5971f072d002c,1821074196,CO,80303
Pregnancy Ultrasound,76813,OB US NUCHAL MEAS 1 GEST.,a090692640b320d9,1548202641,MA,02215
Office Visit,99214,OFFICE/OUTPATIENT VISIT EST.,a090692640b320d9,1548202641,MA,02215
Pap Smear,88142,CYTOPATH C/V THIN LAYER.,a090692640b320d9,1548202641,MA,02215
Wet Mount Smear,87210,SMEAR WET MOUNT SALINE/INK.,a090692640b320d9,1548202641,MA,02215
Blood Culture,87040,BLOOD CULTURE FOR BACTERIA.,a090692640b320d9,1548202641,MA,02215
Forearm X-Ray,73090,X-RAY EXAM OF FOREARM.,a090692640b320d9,1548202641,MA,02215
Pap Smear,88142,CYTOPATH C/V THIN LAYER.,a090692640b320d9,1023049236,MA,02114
Wet Mount Smear,87210,SMEAR WET MOUNT SALINE/INK.,a090692640b320d9,1023049236,MA,02114
Blood Culture,87040,BLOOD CULTURE FOR BACTERIA.,a090692640b320d9,1023049236,MA,02114
Forearm X-Ray,73090,X-RAY EXAM OF FOREARM.,a090692640b320d9,1023049236,MA,02114
Special Stains,88312,SPECIAL STAINS GROUP 1.,a090692640b320d9,1023049236,MA,02114
Colonoscopy,45385,COLONOSCOPY W/LESION REMOVAL.,a090692640b320d9,1023049236,MA,02114
Toe X-Ray,73660,X-RAY EXAM OF TOE(S).,a090692640b320d9,1023049236,MA,02114
Antibiotic Susceptibility,87186,MICROBE SUSCEPTIBLE MIC.,a090692640b320d9,1134144801,MI,48202
Wet Mount Smear,87210,SMEAR WET MOUNT SALINE/INK.,a090692640b320d9,1134144801,MI,48202
Colonoscopy,45385,COLONOSCOPY W/LESION REMOVAL.,a090692640b320d9,1134144801,MI,48202
Toe X-Ray,73660,X-RAY EXAM OF TOE(S).,a090692640b320d9,1134144801,MI,48202
Uroflowmetry,51741,ELECTRO-UROFLOWMETRY FIRST.,a090692640b320d9,1134144801,MI,48202
Abdominal Ultrasound,76770,US EXAM ABDO BACK WALL COMP.,a090692640b320d9,1134144801,MI,48202
Upper Endoscopy,43235,EGD DIAGNOSTIC BRUSH WASH.,a090692640b320d9,1134144801,MI,48202
Chest X-Ray,71046,CHEST X-RAY.,4f0869e3721ddf18,1801992631,NY,10016
Allergy Testing,95004,PERCUT ALLERGY SKIN TESTS.,4f0869e3721ddf18,1801992631,NY,10016
H Pylori Breath Test,83013,H PYLORI (C-13) BREATH.,4f0869e3721ddf18,1801992631,NY,10016
Office Visit,99213,OFFICE/OUTPATIENT VISIT EST.,4f0869e3721ddf18,1801992631,NY,10016
Abdominal Ultrasound,76705,ECHO EXAM OF ABDOMEN.,4f0869e3721ddf18,1801992631,NY,10016
Immunoglobulin Assay,82784,ASSAY IGA/IGD/IGG/IGM EACH.,4f0869e3721ddf18,1801992631,NY,10016
Thyroid Test,84480,ASSAY TRIIODOTHYRONINE (T3).,4f0869e3721ddf18,1801992631,NY,10016
Pregnancy Ultrasound,76813,OB US NUCHAL MEAS 1 GEST.,4f0869e3721ddf18,1578778726,CT,06504
Office Visit,99214,OFFICE/OUTPATIENT VISIT EST.,4f0869e3721ddf18,1578778726,CT,06504
Allergy Testing,95004,PERCUT ALLERGY SKIN TESTS.,4f0869e3721ddf18,1578778726,CT,06504
Abdominal Ultrasound,76770,US EXAM ABDO BACK WALL COMP.,4f0869e3721ddf18,1578778726,CT,06504
MRI Abdomen,74181,MRI ABDOMEN W/O DYE.,4f0869e3721ddf18,1578778726,CT,06504
Thyroid Test,84480,ASSAY TRIIODOTHYRONINE (T3).,4f0869e3721ddf18,1578778726,CT,06504
CT Head,70450,CT HEAD/BRAIN W/O DYE.,4f0869e3721ddf18,1578778726,CT,06504
Pregnancy Ultrasound,76813,OB US NUCHAL MEAS 1 GEST.,4f0869e3721ddf18,1831151455,MA,01655
MMRV Vaccine,90710,MMRV VACCINE SC.,4f0869e3721ddf18,1831151455,MA,01655
Antibiotic Susceptibility,87186,MICROBE SUSCEPTIBLE MIC.,4f0869e3721ddf18,1831151455,MA,01655
Rib X-Ray,71101,X-RAY EXAM UNILAT RIBS/CHEST.,4f0869e3721ddf18,1831151455,MA,01655
H Pylori Breath Test,83013,H PYLORI (C-13) BREATH.,4f0869e3721ddf18,1831151455,MA,01655
Hepatitis B Vaccine,90746,HEPB VACCINE 3 DOSE ADULT IM.,4f0869e3721ddf18,1831151455,MA,01655
Immunoglobulin Assay,82784,ASSAY IGA/IGD/IGG/IGM EACH.,4f0869e3721ddf18,1831151455,MA,01655
Lipid Panel,83718,ASSAY OF LIPOPROTEIN.,db14a65f7ded3c89,1063406551,CA,95128
PSA Test,84153,ASSAY OF PSA TOTAL.,db14a65f7ded3c89,1063406551,CA,95128
Toe X-Ray,73660,X-RAY EXAM OF TOE(S).,db14a65f7ded3c89,1063406551,CA,95128
Pelvic Ultrasound,76830,TRANSVAGINAL US NON-OB.,db14a65f7ded3c89,1063406551,CA,95128
Vascular Study,93970,EXTREMITY STUDY.,db14a65f7ded3c89,1063406551,CA,95128
Hepatitis Panel,80074,ACUTE HEPATITIS PANEL.,db14a65f7ded3c89,1063406551,CA,95128
Eye Ultrasound,76514,ECHO EXAM OF EYE THICKNESS.,db14a65f7ded3c89,1063406551,CA,95128
Cystoscopy,52310,CYSTOSCOPY AND TREATMENT.,db14a65f7ded3c89,1851346720,KY,41101
Mammogram,77066,DX MAMMO INCL CAD BI.,db14a65f7ded3c89,1851346720,KY,41101
Pap Smear,88142,CYTOPATH C/V THIN LAYER.,db14a65f7ded3c89,1851346720,KY,41101
Wet Mount Smear,87210,SMEAR WET MOUNT SALINE/INK.,db14a65f7ded3c89,1851346720,KY,41101
Pelvic Ultrasound,76830,TRANSVAGINAL US NON-OB.,db14a65f7ded3c89,1851346720,KY,41101
Chest X-Ray,71046,CHEST X-RAY.,db14a65f7ded3c89,1609869916,KY,41701
Antibiotic Susceptibility,87186,MICROBE SUSCEPTIBLE MIC.,db14a65f7ded3c89,1609869916,KY,41701
Breast Ultrasound,76642,ULTRASOUND BREAST LIMITED.,db14a65f7ded3c89,1609869916,KY,41701
Pelvic Ultrasound,76830,TRANSVAGINAL US NON-OB.,db14a65f7ded3c89,1609869916,KY,41701
Muscle Test,95886,MUSC TEST DONE W/N TEST COMP.,db14a65f7ded3c89,1609869916,KY,41701
Wrist X-Ray,73100,X-RAY EXAM OF WRIST.,db14a65f7ded3c89,1609869916,KY,41701
Antibiotic Susceptibility,87186,MICROBE SUSCEPTIBLE MIC.,27c42f9df6a32aff,1689624686,CO,80204
Colonoscopy,45385,COLONOSCOPY W/LESION REMOVAL.,27c42f9df6a32aff,1689624686,CO,80204
Toe X-Ray,73660,X-RAY EXAM OF TOE(S).,27c42f9df6a32aff,1689624686,CO,80204
Eye Exam,92004,EYE EXAM NEW PATIENT.,27c42f9df6a32aff,1689624686,CO,80204
Psych Evaluation,90791,PSYCH DIAGNOSTIC EVALUATION.,27c42f9df6a32aff,1689624686,CO,80204
Wrist X-Ray,73100,X-RAY EXAM OF WRIST.,27c42f9df6a32aff,1689624686,CO,80204
Antibiotic Susceptibility,87186,MICROBE SUSCEPTIBLE MIC.,27c42f9df6a32aff,1689747552,NM,87106
Meningococcal Vaccine,90734,MENACWYD/MENACWYCRM VACC IM.,27c42f9df6a32aff,1689747552,NM,87106
Colonoscopy,45385,COLONOSCOPY W/LESION REMOVAL.,27c42f9df6a32aff,1689747552,NM,87106
Uroflowmetry,51741,ELECTRO-UROFLOWMETRY FIRST.,27c42f9df6a32aff,1689747552,NM,87106
MRI Brain,70551,MRI BRAIN STEM W/O DYE.,27c42f9df6a32aff,1689747552,NM,87106
Wound Debridement,97597,RMVL DEVITAL TIS 20 CM/<.,27c42f9df6a32aff,1689747552,NM,87106
Hernia Repair,49650,LAP ING HERNIA REPAIR INIT.,27c42f9df6a32aff,1144397134,CO,80909
Chest X-Ray,71046,CHEST X-RAY.,27c42f9df6a32aff,1144397134,CO,80909
EKG,93000,ELECTROCARDIOGRAM COMPLETE.,27c42f9df6a32aff,1144397134,CO,80909
Mammogram,77066,DX MAMMO INCL CAD BI.,27c42f9df6a32aff,1144397134,CO,80909
Abdominal Ultrasound,76770,US EXAM ABDO BACK WALL COMP.,27c42f9df6a32aff,1144397134,CO,80909
Wrist X-Ray,73100,X-RAY EXAM OF WRIST.,27c42f9df6a32aff,1144397134,CO,80909
Cystoscopy,52310,CYSTOSCOPY AND TREATMENT.,a60f0f1a33a5072c,1679525919,OH,44195
Chest X-Ray,71046,CHEST X-RAY.,a60f0f1a33a5072c,1679525919,OH,44195
Cystoscopy,52000,CYSTOSCOPY.,a60f0f1a33a5072c,1679525919,OH,44195
Vasectomy,55250,EXCISION PROCEDURES ON THE VAS DEFERENS.,a60f0f1a33a5072c,1679525919,OH,44195
Skin Lesion Injection,11900,INJECT SKIN LESIONS </W 7,a60f0f1a33a5072c,1679525919,OH,44195
Immunoglobulin Assay,82784,ASSAY IGA/IGD/IGG/IGM EACH.,a60f0f1a33a5072c,1679525919,OH,44195
Immunotherapy Injection,95115,IMMUNOTHERAPY ONE INJECTION.,a60f0f1a33a5072c,1194706655,AZ,85364
Mammogram,77066,DX MAMMO INCL CAD BI.,a60f0f1a33a5072c,1194706655,AZ,85364
Self Care Training,97535,SELF CARE MNGMENT TRAINING.,a60f0f1a33a5072c,1194706655,AZ,85364
Pelvic Ultrasound,76830,TRANSVAGINAL US NON-OB.,a60f0f1a33a5072c,1194706655,AZ,85364
Muscle Test,95886,MUSC TEST DONE W/N TEST COMP.,a60f0f1a33a5072c,1194706655,AZ,85364
PSA Test,84154,PSA (prostate specific antigen) measurement.,a60f0f1a33a5072c,1194706655,AZ,85364
Hernia Repair,49650,LAP ING HERNIA REPAIR INIT.,a60f0f1a33a5072c,1952476988,NY,10467
Chest X-Ray,71046,CHEST X-RAY.,a60f0f1a33a5072c,1952476988,NY,10467
Mammogram,77066,DX MAMMO INCL CAD BI.,a60f0f1a33a5072c,1952476988,NY,10467
Preventive Visit,99384,PREV VISIT NEW AGE 12-17.,a60f0f1a33a5072c,1952476988,NY,10467
Pelvic Ultrasound,76830,TRANSVAGINAL US NON-OB.,a60f0f1a33a5072c,1952476988,NY,10467
Muscle Test,95886,MUSC TEST DONE W/N TEST COMP.,a60f0f1a33a5072c,1952476988,NY,10467
MRI Abdomen,74181,MRI ABDOMEN W/O DYE.,6ee5971f072d002c,1770560294,GA,30329
Cystoscopy,52000,CYSTOSCOPY.,6ee5971f072d002c,1770560294,GA,30329
PSA Test,84153,ASSAY OF PSA TOTAL.,6ee5971f072d002c,1770560294,GA,30329
Breathing Test,94010,BREATHING CAPACITY TEST.,6ee5971f072d002c,1770560294,GA,30329
Chest X-Ray,71046,CHEST X-RAY.,6ee5971f072d002c,1962461681,GA,30309
Hernia Repair,49650,LAP ING HERNIA REPAIR INIT.,6ee5971f072d002c,1962461681,GA,30309
Office Visit,99203,OFFICE/OUTPATIENT VISIT NEW.,6ee5971f072d002c,1962461681,GA,30309
Abdominal Ultrasound,76770,US EXAM ABDO BACK WALL COMP.,6ee5971f072d002c,1962461681,GA,30309
Colonoscopy,45385,COLONOSCOPY W/LESION REMOVAL.,a090692640b320d9,1295015279,GA,30303
Blood Culture,87040,BLOOD CULTURE FOR BACTERIA.,a090692640b320d9,1295015279,GA,30303
Pap Smear,88142,CYTOPATH C/V THIN LAYER.,a090692640b320d9,1295015279,GA,30303
Toe X-Ray,73660,X-RAY EXAM OF TOE(S).,a090692640b320d9,1295015279,GA,30303
Upper Endoscopy,43235,EGD DIAGNOSTIC BRUSH WASH.,a090692640b320d9,1295015279,GA,30303
Antibiotic Susceptibility,87186,MICROBE SUSCEPTIBLE MIC.,a090692640b320d9,1689744450,GA,30329
Forearm X-Ray,73090,X-RAY EXAM OF FOREARM.,a090692640b320d9,1689744450,GA,30329
Special Stains,88312,SPECIAL STAINS GROUP 1.,a090692640b320d9,1689744450,GA,30329
Chest X-Ray,71046,CHEST X-RAY.,4f0869e3721ddf18,1770560294,GA,30329
CT Head,70450,CT HEAD/BRAIN W/O DYE.,4f0869e3721ddf18,1770560294,GA,30329
Allergy Testing,95004,PERCUT ALLERGY SKIN TESTS.,4f0869e3721ddf18,1770560294,GA,30329
Thyroid Test,84480,ASSAY TRIIODOTHYRONINE (T3).,4f0869e3721ddf18,1770560294,GA,30329
Pregnancy Ultrasound,76813,OB US NUCHAL MEAS 1 GEST.,4f0869e3721ddf18,1962461681,GA,30309
MRI Abdomen,74181,MRI ABDOMEN W/O DYE.,4f0869e3721ddf18,1962461681,GA,30309
Office Visit,99213,OFFICE/OUTPATIENT VISIT EST.,4f0869e3721ddf18,1962461681,GA,30309
Mammogram,77066,DX MAMMO INCL CAD BI.,db14a65f7ded3c89,1750776571,GA,30705
Pelvic Ultrasound,76830,TRANSVAGINAL US NON-OB.,db14a65f7ded3c89,1750776571,GA,30705
Breast Ultrasound,76642,ULTRASOUND BREAST LIMITED.,db14a65f7ded3c89,1750776571,GA,30705
Wrist X-Ray,73100,X-RAY EXAM OF WRIST.,db14a65f7ded3c89,1750776571,GA,30705
Cystoscopy,52310,CYSTOSCOPY AND TREATMENT.,db14a65f7ded3c89,1760402424,GA,30701
Lipid Panel,83718,ASSAY OF LIPOPROTEIN.,db14a65f7ded3c89,1760402424,GA,30701
Hepatitis Panel,80074,ACUTE HEPATITIS PANEL.,db14a65f7ded3c89,1760402424,GA,30701
Colonoscopy,45385,COLONOSCOPY W/LESION REMOVAL.,27c42f9df6a32aff,1295015279,GA,30303
Eye Exam,92004,EYE EXAM NEW PATIENT.,27c42f9df6a32aff,1295015279,GA,30303
MRI Brain,70551,MRI BRAIN STEM W/O DYE.,27c42f9df6a32aff,1295015279,GA,30303
EKG,93000,ELECTROCARDIOGRAM COMPLETE.,27c42f9df6a32aff,1962461681,GA,30309
Mammogram,77066,DX MAMMO INCL CAD BI.,27c42f9df6a32aff,1962461681,GA,30309
Vasectomy,55250,EXCISION PROCEDURES ON THE VAS DEFERENS.,a60f0f1a33a5072c,1770560294,GA,30329
Immunotherapy Injection,95115,IMMUNOTHERAPY ONE INJECTION.,a60f0f1a33a5072c,1689744450,GA,30329
Preventive Visit,99384,PREV VISIT NEW AGE 12-17.,a60f0f1a33a5072c,1689744450,GA,30329
Pelvic Ultrasound,76830,TRANSVAGINAL US NON-OB.,a60f0f1a33a5072c,1689744450,GA,30329
Mammogram,77066,DX MAMMO INCL CAD BI.,a60f0f1a33a5072c,1679525919,OH,44195
Vascular Study,93970,EXTREMITY STUDY.,6ee5971f072d002c,1801800594,CO,80210
Wrist X-Ray,73100,X-RAY EXAM OF WRIST.,db14a65f7ded3c89,1063406551,CA,95128
PSA Test,84153,ASSAY OF PSA TOTAL.,6ee5971f072d002c,1285641514,NY,11040
Mammogram,77066,DX MAMMO INCL CAD BI.,a60f0f1a33a5072c,1689744450,GA,30329
PSA Test,84154,PSA (prostate specific antigen) measurement.,a60f0f1a33a5072c,1952476988,NY,10467
MRI Abdomen,74181,MRI ABDOMEN W/O DYE.,4f0869e3721ddf18,1770560294,GA,30329
Wound Debridement,97597,RMVL DEVITAL TIS 20 CM/<.,27c42f9df6a32aff,1295015279,GA,30303
Vascular Study,93970,EXTREMITY STUDY.,db14a65f7ded3c89,1760402424,GA,30701
Skin Lesion Injection,11900,INJECT SKIN LESIONS </W 7,a60f0f1a33a5072c,1194706655,AZ,85364
Hernia Repair,49650,LAP ING HERNIA REPAIR INIT.,6ee5971f072d002c,1770560294,GA,30329
Eye Ultrasound,76514,ECHO EXAM OF EYE THICKNESS.,db14a65f7ded3c89,1760402424,GA,30701
PSA Test,84154,PSA (prostate specific antigen) measurement.,a60f0f1a33a5072c,1679525919,OH,44195
Pelvic Ultrasound,76830,TRANSVAGINAL US NON-OB.,db14a65f7ded3c89,1760402424,GA,30701
Abdominal Ultrasound,76770,US EXAM ABDO BACK WALL COMP.,4f0869e3721ddf18,1770560294,GA,30329
Eye Ultrasound,76514,ECHO EXAM OF EYE THICKNESS.,db14a65f7ded3c89,1750776571,GA,30705
Chest X-Ray,71046,CHEST X-RAY.,27c42f9df6a32aff,1295015279,GA,30303
PSA Test,84153,ASSAY OF PSA TOTAL.,db14a65f7ded3c89,1760402424,GA,30701
Psych Evaluation,90791,PSYCH DIAGNOSTIC EVALUATION.,27c42f9df6a32aff,1962461681,GA,30309
Eye Exam,92004,EYE EXAM NEW PATIENT.,27c42f9df6a32aff,1144397134,CO,80909
Chest X-Ray,71046,CHEST X-RAY.,6ee5971f072d002c,1801800594,CO,80210
EKG,93000,ELECTROCARDIOGRAM COMPLETE.,27c42f9df6a32aff,1689747552,NM,87106
Eye Ultrasound,76514,ECHO EXAM OF EYE THICKNESS.,db14a65f7ded3c89,1851346720,KY,41101
Cystoscopy,52000,CYSTOSCOPY.,a60f0f1a33a5072c,1770560294,GA,30329
Chest X-Ray,71046,CHEST X-RAY.,6ee5971f072d002c,1770560294,GA,30329
Immunoglobulin Assay,82784,ASSAY IGA/IGD/IGG/IGM EACH.,a60f0f1a33a5072c,1770560294,GA,30329
Chest X-Ray,71046,CHEST X-RAY.,a60f0f1a33a5072c,1689744450,GA,30329
Hernia Repair,49650,LAP ING HERNIA REPAIR INIT.,27c42f9df6a32aff,1295015279,GA,30303
MRI Abdomen,74181,MRI ABDOMEN W/O DYE.,4f0869e3721ddf18,1801992631,NY,10016
Hernia Repair,49650,LAP ING HERNIA REPAIR INIT.,a60f0f1a33a5072c,1770560294,GA,30329
Muscle Test,95886,MUSC TEST DONE W/N TEST COMP.,a60f0f1a33a5072c,1679525919,OH,44195
Pregnancy Ultrasound,76813,OB US NUCHAL MEAS 1 GEST.,6ee5971f072d002c,1801800594,CO,80210
EKG,93000,ELECTROCARDIOGRAM COMPLETE.,27c42f9df6a32aff,1295015279,GA,30303
Psych Evaluation,90791,PSYCH DIAGNOSTIC EVALUATION.,27c42f9df6a32aff,1295015279,GA,30303
Vasectomy,55250,EXCISION PROCEDURES ON THE VAS DEFERENS.,a60f0f1a33a5072c,1194706655,AZ,85364
Cystoscopy,52310,CYSTOSCOPY AND TREATMENT.,a60f0f1a33a5072c,1952476988,NY,10467
Cystoscopy,52000,CYSTOSCOPY.,a60f0f1a33a5072c,1689744450,GA,30329
Pap Smear,88142,CYTOPATH C/V THIN LAYER.,db14a65f7ded3c89,1609869916,KY,41701
Vascular Study,93970,EXTREMITY STUDY.,6ee5971f072d002c,1770560294,GA,30329
Abdominal Ultrasound,76705,ECHO EXAM OF ABDOMEN.,4f0869e3721ddf18,1770560294,GA,30329
Muscle Test,95886,MUSC TEST DONE W/N TEST COMP.,db14a65f7ded3c89,1750776571,GA,30705
Office Visit,99203,OFFICE/OUTPATIENT VISIT NEW.,6ee5971f072d002c,1801800594,CO,80210
Toe X-Ray,73660,X-RAY EXAM OF TOE(S).,27c42f9df6a32aff,1144397134,CO,80909
Abdominal Ultrasound,76770,US EXAM ABDO BACK WALL COMP.,4f0869e3721ddf18,1801992631,NY,10016
Cystoscopy,52000,CYSTOSCOPY.,a60f0f1a33a5072c,1952476988,NY,10467
Breathing Test,94010,BREATHING CAPACITY TEST.,6ee5971f072d002c,1821074196,CO,80303
Rib X-Ray,71101,X-RAY EXAM UNILAT RIBS/CHEST.,4f0869e3721ddf18,1801992631,NY,10016
Office Visit,99214,OFFICE/OUTPATIENT VISIT EST.,a090692640b320d9,1689744450,GA,30329
Mammogram,77066,DX MAMMO INCL CAD BI.,db14a65f7ded3c89,1760402424,GA,30701
Chest X-Ray,71046,CHEST X-RAY.,27c42f9df6a32aff,1689747552,NM,87106
CT Head,70450,CT HEAD/BRAIN W/O DYE.,4f0869e3721ddf18,1831151455,MA,01655
Blood Culture,87040,BLOOD CULTURE FOR BACTERIA.,6ee5971f072d002c,1962461681,GA,30309
Hepatitis Panel,80074,ACUTE HEPATITIS PANEL.,db14a65f7ded3c89,1851346720,KY,41101
Wound Debridement,97597,RMVL DEVITAL TIS 20 CM/<.,27c42f9df6a32aff,1689624686,CO,80204
H Pylori Breath Test,83013,H PYLORI (C-13) BREATH.,6ee5971f072d002c,1801800594,CO,80210
CT Head,70450,CT HEAD/BRAIN W/O DYE.,4f0869e3721ddf18,1801992631,NY,10016
EKG,93000,ELECTROCARDIOGRAM COMPLETE.,27c42f9df6a32aff,1689624686,CO,80204
Chest X-Ray,71046,CHEST X-RAY.,a60f0f1a33a5072c,1770560294,GA,30329
Self Care Training,97535,SELF CARE MNGMENT TRAINING.,a60f0f1a33a5072c,1952476988,NY,10467
Special Stains,88312,SPECIAL STAINS GROUP 1.,6ee5971f072d002c,1770560294,GA,30329
Immunotherapy Injection,95115,IMMUNOTHERAPY ONE INJECTION.,a60f0f1a33a5072c,1952476988,NY,10467
Uroflowmetry,51741,ELECTRO-UROFLOWMETRY FIRST.,a090692640b320d9,1295015279,GA,30303
Cystoscopy,52000,CYSTOSCOPY.,6ee5971f072d002c,1821074196,CO,80303
Breast Ultrasound,76642,ULTRASOUND BREAST LIMITED.,db14a65f7ded3c89,1760402424,GA,30701
Hepatitis B Vaccine,90746,HEPB VACCINE 3 DOSE ADULT IM.,4f0869e3721ddf18,1962461681,GA,30309
MRI Abdomen,74181,MRI ABDOMEN W/O DYE.,6ee5971f072d002c,1962461681,GA,30309
Hepatitis B Vaccine,90746,HEPB VACCINE 3 DOSE ADULT IM.,4f0869e3721ddf18,1578778726,CT,06504
PSA Test,84153,ASSAY OF PSA TOTAL.,db14a65f7ded3c89,1609869916,KY,41701
Office Visit,99214,OFFICE/OUTPATIENT VISIT EST.,6ee5971f072d002c,1285641514,NY,11040
Preventive Visit,99384,PREV VISIT NEW AGE 12-17.,a60f0f1a33a5072c,1194706655,AZ,85364
Antibiotic Susceptibility,87186,MICROBE SUSCEPTIBLE MIC.,a090692640b320d9,1548202641,MA,02215
Blood Culture,87040,BLOOD CULTURE FOR BACTERIA.,a090692640b320d9,1689744450,GA,30329
PSA Test,84154,PSA (prostate specific antigen) measurement.,a60f0f1a33a5072c,1689744450,GA,30329
Upper Endoscopy,43235,EGD DIAGNOSTIC BRUSH WASH.,a090692640b320d9,1023049236,MA,02114
Special Stains,88312,SPECIAL STAINS GROUP 1.,a090692640b320d9,1548202641,MA,02215
Toe X-Ray,73660,X-RAY EXAM OF TOE(S).,db14a65f7ded3c89,1609869916,KY,41701
Abdominal Ultrasound,76705,ECHO EXAM OF ABDOMEN.,4f0869e3721ddf18,1578778726,CT,06504
Chest X-Ray,71046,CHEST X-RAY.,db14a65f7ded3c89,1063406551,CA,95128
Meningococcal Vaccine,90734,MENACWYD/MENACWYCRM VACC IM.,27c42f9df6a32aff,1144397134,CO,80909
Preventive Visit,99384,PREV VISIT NEW AGE 12-17.,a60f0f1a33a5072c,1679525919,OH,44195
PSA Test,84153,ASSAY OF PSA TOTAL.,6ee5971f072d002c,1821074196,CO,80303
Self Care Training,97535,SELF CARE MNGMENT TRAINING.,6ee5971f072d002c,1962461681,GA,30309
Pregnancy Ultrasound,76813,OB US NUCHAL MEAS 1 GEST.,a090692640b320d9,1295015279,GA,30303
Pregnancy Ultrasound,76813,OB US NUCHAL MEAS 1 GEST.,6ee5971f072d002c,1770560294,GA,30329
MMRV Vaccine,90710,MMRV VACCINE SC.,4f0869e3721ddf18,1770560294,GA,30329
Antibiotic Susceptibility,87186,MICROBE SUSCEPTIBLE MIC.,db14a65f7ded3c89,1851346720,KY,41101
Chest X-Ray,71046,CHEST X-RAY.,4f0869e3721ddf18,1578778726,CT,06504
Blood Culture,87040,BLOOD CULTURE FOR BACTERIA.,6ee5971f072d002c,1801800594,CO,80210
Pap Smear,88142,CYTOPATH C/V THIN LAYER.,db14a65f7ded3c89,1760402424,GA,30701
MMR Vaccine,90707,MMR VACCINE SC.,6ee5971f072d002c,1801800594,CO,80210
Eye Exam,92004,EYE EXAM NEW PATIENT.,27c42f9df6a32aff,1689747552,NM,87106
Pregnancy Ultrasound,76813,OB US NUCHAL MEAS 1 GEST.,a090692640b320d9,1689744450,GA,30329
Abdominal Ultrasound,76705,ECHO EXAM OF ABDOMEN.,4f0869e3721ddf18,1962461681,GA,30309
Wrist X-Ray,73100,X-RAY EXAM OF WRIST.,27c42f9df6a32aff,1295015279,GA,30303
Chest X-Ray,71046,CHEST X-RAY.,4f0869e3721ddf18,1831151455,MA,01655
Mammogram,77066,DX MAMMO INCL CAD BI.,27c42f9df6a32aff,1295015279,GA,30303
Wrist X-Ray,73100,X-RAY EXAM OF WRIST.,db14a65f7ded3c89,1851346720,KY,41101
Wound Debridement,97597,RMVL DEVITAL TIS 20 CM/<.,27c42f9df6a32aff,1144397134,CO,80909
Meningococcal Vaccine,90734,MENACWYD/MENACWYCRM VACC IM.,27c42f9df6a32aff,1689624686,CO,80204
Chest X-Ray,71046,CHEST X-RAY.,4f0869e3721ddf18,1962461681,GA,30309
Antibiotic Susceptibility,87186,MICROBE SUSCEPTIBLE MIC.,6ee5971f072d002c,1821074196,CO,80303
Preventive Visit,99384,PREV VISIT NEW AGE 12-17.,a60f0f1a33a5072c,1770560294,GA,30329
Self Care Training,97535,SELF CARE MNGMENT TRAINING.,a60f0f1a33a5072c,1689744450,GA,30329
Office Visit,99214,OFFICE/OUTPATIENT VISIT EST.,6ee5971f072d002c,1962461681,GA,30309
Chest X-Ray,71046,CHEST X-RAY.,db14a65f7ded3c89,1750776571,GA,30705
Immunoglobulin Assay,82784,ASSAY IGA/IGD/IGG/IGM EACH.,a60f0f1a33a5072c,1194706655,AZ,85364
Abdominal Ultrasound,76770,US EXAM ABDO BACK WALL COMP.,27c42f9df6a32aff,1689747552,NM,87106
Office Visit,99214,OFFICE/OUTPATIENT VISIT EST.,a090692640b320d9,1134144801,MI,48202
Abdominal Ultrasound,76770,US EXAM ABDO BACK WALL COMP.,27c42f9df6a32aff,1962461681,GA,30309
Abdominal Ultrasound,76770,US EXAM ABDO BACK WALL COMP.,4f0869e3721ddf18,1962461681,GA,30309
Wet Mount Smear,87210,SMEAR WET MOUNT SALINE/INK.,a090692640b320d9,1295015279,GA,30303
Hernia Repair,49650,LAP ING HERNIA REPAIR INIT.,6ee5971f072d002c,1821074196,CO,80303
Abdominal Ultrasound,76770,US EXAM ABDO BACK WALL COMP.,a090692640b320d9,1295015279,GA,30303
Hernia Repair,49650,LAP ING HERNIA REPAIR INIT.,27c42f9df6a32aff,1962461681,GA,30309
Uroflowmetry,51741,ELECTRO-UROFLOWMETRY FIRST.,a090692640b320d9,1689744450,GA,30329
Uroflowmetry,51741,ELECTRO-UROFLOWMETRY FIRST.,27c42f9df6a32aff,1144397134,CO,80909
Antibiotic Susceptibility,87186,MICROBE SUSCEPTIBLE MIC.,4f0869e3721ddf18,1962461681,GA,30309
Wet Mount Smear,87210,SMEAR WET MOUNT SALINE/INK.,db14a65f7ded3c89,1760402424,GA,30701
Pregnancy Ultrasound,76813,OB US NUCHAL MEAS 1 GEST.,a090692640b320d9,1023049236,MA,02114
Breast Ultrasound,76642,ULTRASOUND BREAST LIMITED.,db14a65f7ded3c89,1063406551,CA,95128
Abdominal Ultrasound,76770,US EXAM ABDO BACK WALL COMP.,27c42f9df6a32aff,1295015279,GA,30303
Vascular Study,93970,EXTREMITY STUDY.,6ee5971f072d002c,1821074196,CO,80303
Rib X-Ray,71101,X-RAY EXAM UNILAT RIBS/CHEST.,4f0869e3721ddf18,1770560294,GA,30329
Toe X-Ray,73660,X-RAY EXAM OF TOE(S).,a090692640b320d9,1548202641,MA,02215
Office Visit,99213,OFFICE/OUTPATIENT VISIT EST.,4f0869e3721ddf18,1578778726,CT,06504
Antibiotic Susceptibility,87186,MICROBE SUSCEPTIBLE MIC.,6ee5971f072d002c,1962461681,GA,30309
Special Stains,88312,SPECIAL STAINS GROUP 1.,a090692640b320d9,1134144801,MI,48202
Allergy Testing,95004,PERCUT ALLERGY SKIN TESTS.,4f0869e3721ddf18,1962461681,GA,30309
MMR Vaccine,90707,MMR VACCINE SC.,6ee5971f072d002c,1821074196,CO,80303
Pregnancy Ultrasound,76813,OB US NUCHAL MEAS 1 GEST.,6ee5971f072d002c,1285641514,NY,11040
MRI Abdomen,74181,MRI ABDOMEN W/O DYE.,4f0869e3721ddf18,1831151455,MA,01655
Special Stains,88312,SPECIAL STAINS GROUP 1.,6ee5971f072d002c,1285641514,NY,11040
Blood Culture,87040,BLOOD CULTURE FOR BACTERIA.,6ee5971f072d002c,1285641514,NY,11040
Wrist X-Ray,73100,X-RAY EXAM OF WRIST.,27c42f9df6a32aff,1689747552,NM,87106
Hernia Repair,49650,LAP ING HERNIA REPAIR INIT.,27c42f9df6a32aff,1689747552,NM,87106
Special Stains,88312,SPECIAL STAINS GROUP 1.,6ee5971f072d002c,1962461681,GA,30309
Antibiotic Susceptibility,87186,MICROBE SUSCEPTIBLE MIC.,a090692640b320d9,1023049236,MA,02114
Toe X-Ray,73660,X-RAY EXAM OF TOE(S).,db14a65f7ded3c89,1750776571,GA,30705
Antibiotic Susceptibility,87186,MICROBE SUSCEPTIBLE MIC.,db14a65f7ded3c89,1063406551,CA,95128
Abdominal Ultrasound,76770,US EXAM ABDO BACK WALL COMP.,6ee5971f072d002c,1801800594,CO,80210
Immunoglobulin Assay,82784,ASSAY IGA/IGD/IGG/IGM EACH.,a60f0f1a33a5072c,1689744450,GA,30329
Blood Culture,87040,BLOOD CULTURE FOR BACTERIA.,a090692640b320d9,1134144801,MI,48202
Cystoscopy,52310,CYSTOSCOPY AND TREATMENT.,db14a65f7ded3c89,1063406551,CA,95128
Breast Ultrasound,76642,ULTRASOUND BREAST LIMITED.,db14a65f7ded3c89,1851346720,KY,41101
Antibiotic Susceptibility,87186,MICROBE SUSCEPTIBLE MIC.,4f0869e3721ddf18,1770560294,GA,30329
Antibiotic Susceptibility,87186,MICROBE SUSCEPTIBLE MIC.,27c42f9df6a32aff,1144397134,CO,80909
Colonoscopy,45385,COLONOSCOPY W/LESION REMOVAL.,a090692640b320d9,1689744450,GA,30329
Hepatitis Panel,80074,ACUTE HEPATITIS PANEL.,db14a65f7ded3c89,1609869916,KY,41701
Office Visit,99203,OFFICE/OUTPATIENT VISIT NEW.,6ee5971f072d002c,1770560294,GA,30329
Meningococcal Vaccine,90734,MENACWYD/MENACWYCRM VACC IM.,27c42f9df6a32aff,1295015279,GA,30303
Abdominal Ultrasound,76770,US EXAM ABDO BACK WALL COMP.,a090692640b320d9,1023049236,MA,02114
Chest X-Ray,71046,CHEST X-RAY.,6ee5971f072d002c,1821074196,CO,80303
Office Visit,99213,OFFICE/OUTPATIENT VISIT EST.,4f0869e3721ddf18,1831151455,MA,01655
Antibiotic Susceptibility,87186,MICROBE SUSCEPTIBLE MIC.,6ee5971f072d002c,1770560294,GA,30329
Allergy Testing,95004,PERCUT ALLERGY SKIN TESTS.,4f0869e3721ddf18,1831151455,MA,01655
Toe X-Ray,73660,X-RAY EXAM OF TOE(S).,27c42f9df6a32aff,1962461681,GA,30309
Hernia Repair,49650,LAP ING HERNIA REPAIR INIT.,6ee5971f072d002c,1801800594,CO,80210
Chest X-Ray,71046,CHEST X-RAY.,27c42f9df6a32aff,1962461681,GA,30309
Eye Ultrasound,76514,ECHO EXAM OF EYE THICKNESS.,db14a65f7ded3c89,1609869916,KY,41701
Muscle Test,95886,MUSC TEST DONE W/N TEST COMP.,a60f0f1a33a5072c,1770560294,GA,30329
Uroflowmetry,51741,ELECTRO-UROFLOWMETRY FIRST.,a090692640b320d9,1023049236,MA,02114
Lipid Panel,83718,ASSAY OF LIPOPROTEIN.,db14a65f7ded3c89,1609869916,KY,41701
Forearm X-Ray,73090,X-RAY EXAM OF FOREARM.,a090692640b320d9,1295015279,GA,30303
Uroflowmetry,51741,ELECTRO-UROFLOWMETRY FIRST.,27c42f9df6a32aff,1962461681,GA,30309
Pap Smear,88142,CYTOPATH C/V THIN LAYER.,db14a65f7ded3c89,1750776571,GA,30705
Abdominal Ultrasound,76770,US EXAM ABDO BACK WALL COMP.,6ee5971f072d002c,1821074196,CO,80303
Rib X-Ray,71101,X-RAY EXAM UNILAT RIBS/CHEST.,6ee5971f072d002c,1801800594,CO,80210
Office Visit,99213,OFFICE/OUTPATIENT VISIT EST.,4f0869e3721ddf18,1770560294,GA,30329
Breathing Test,94010,BREATHING CAPACITY TEST.,6ee5971f072d002c,1962461681,GA,30309
Hernia Repair,49650,LAP ING HERNIA REPAIR INIT.,a60f0f1a33a5072c,1194706655,AZ,85364
PSA Test,84154,PSA (prostate specific antigen) measurement.,a60f0f1a33a5072c,1770560294,GA,30329
Mammogram,77066,DX MAMMO INCL CAD BI.,27c42f9df6a32aff,1689747552,NM,87106
MRI Brain,70551,MRI BRAIN STEM W/O DYE.,27c42f9df6a32aff,1144397134,CO,80909
Pelvic Ultrasound,76830,TRANSVAGINAL US NON-OB.,a60f0f1a33a5072c,1679525919,OH,44195
Uroflowmetry,51741,ELECTRO-UROFLOWMETRY FIRST.,27c42f9df6a32aff,1689624686,CO,80204
MMRV Vaccine,90710,MMRV VACCINE SC.,4f0869e3721ddf18,1962461681,GA,30309
Pregnancy Ultrasound,76813,OB US NUCHAL MEAS 1 GEST.,4f0869e3721ddf18,1801992631,NY,10016
Toe X-Ray,73660,X-RAY EXAM OF TOE(S).,27c42f9df6a32aff,1295015279,GA,30303
Meningococcal Vaccine,90734,MENACWYD/MENACWYCRM VACC IM.,27c42f9df6a32aff,1962461681,GA,30309
Mammogram,77066,DX MAMMO INCL CAD BI.,db14a65f7ded3c89,1063406551,CA,95128
Rib X-Ray,71101,X-RAY EXAM UNILAT RIBS/CHEST.,6ee5971f072d002c,1770560294,GA,30329
MRI Abdomen,74181,MRI ABDOMEN W/O DYE.,6ee5971f072d002c,1821074196,CO,80303
Muscle Test,95886,MUSC TEST DONE W/N TEST COMP.,a60f0f1a33a5072c,1689744450,GA,30329
Wound Debridement,97597,RMVL DEVITAL TIS 20 CM/<.,27c42f9df6a32aff,1962461681,GA,30309
Abdominal Ultrasound,76770,US EXAM ABDO BACK WALL COMP.,4f0869e3721ddf18,1831151455,MA,01655
Office Visit,99214,OFFICE/OUTPATIENT VISIT EST.,4f0869e3721ddf18,1831151455,MA,01655
Wrist X-Ray,73100,X-RAY EXAM OF WRIST.,db14a65f7ded3c89,1760402424,GA,30701
Psych Evaluation,90791,PSYCH DIAGNOSTIC EVALUATION.,27c42f9df6a32aff,1689747552,NM,87106
Special Stains,88312,SPECIAL STAINS GROUP 1.,a090692640b320d9,1295015279,GA,30303
Cystoscopy,52310,CYSTOSCOPY AND TREATMENT.,a60f0f1a33a5072c,1770560294,GA,30329
PSA Test,84153,ASSAY OF PSA TOTAL.,db14a65f7ded3c89,1750776571,GA,30705
Antibiotic Susceptibility,87186,MICROBE SUSCEPTIBLE MIC.,4f0869e3721ddf18,1801992631,NY,10016
H Pylori Breath Test,83013,H PYLORI (C-13) BREATH.,4f0869e3721ddf18,1962461681,GA,30309
Lipid Panel,83718,ASSAY OF LIPOPROTEIN.,db14a65f7ded3c89,1750776571,GA,30705
Toe X-Ray,73660,X-RAY EXAM OF TOE(S).,db14a65f7ded3c89,1760402424,GA,30701
H Pylori Breath Test,83013,H PYLORI (C-13) BREATH.,4f0869e3721ddf18,1770560294,GA,30329
CT Head,70450,CT HEAD/BRAIN W/O DYE.,4f0869e3721ddf18,1962461681,GA,30309
Hepatitis Panel,80074,ACUTE HEPATITIS PANEL.,db14a65f7ded3c89,1750776571,GA,30705
Self Care Training,97535,SELF CARE MNGMENT TRAINING.,a60f0f1a33a5072c,1679525919,OH,44195
Hernia Repair,49650,LAP ING HERNIA REPAIR INIT.,a60f0f1a33a5072c,1679525919,OH,44195
Upper Endoscopy,43235,EGD DIAGNOSTIC BRUSH WASH.,a090692640b320d9,1548202641,MA,02215
Office Visit,99203,OFFICE/OUTPATIENT VISIT NEW.,6ee5971f072d002c,1821074196,CO,80303
H Pylori Breath Test,83013,H PYLORI (C-13) BREATH.,4f0869e3721ddf18,1578778726,CT,06504
Muscle Test,95886,MUSC TEST DONE W/N TEST COMP.,db14a65f7ded3c89,1063406551,CA,95128
Pelvic Ultrasound,76830,TRANSVAGINAL US NON-OB.,a60f0f1a33a5072c,1770560294,GA,30329
Thyroid Test,84480,ASSAY TRIIODOTHYRONINE (T3).,4f0869e3721ddf18,1831151455,MA,01655
Toe X-Ray,73660,X-RAY EXAM OF TOE(S).,db14a65f7ded3c89,1851346720,KY,41101
Hernia Repair,49650,LAP ING HERNIA REPAIR INIT.,27c42f9df6a32aff,1689624686,CO,80204
Toe X-Ray,73660,X-RAY EXAM OF TOE(S).,27c42f9df6a32aff,1689747552,NM,87106
Cystoscopy,52310,CYSTOSCOPY AND TREATMENT.,a60f0f1a33a5072c,1194706655,AZ,85364
Rib X-Ray,71101,X-RAY EXAM UNILAT RIBS/CHEST.,4f0869e3721ddf18,1962461681,GA,30309
Forearm X-Ray,73090,X-RAY EXAM OF FOREARM.,6ee5971f072d002c,1962461681,GA,30309
Skin Lesion Injection,11900,INJECT SKIN LESIONS </W 7,a60f0f1a33a5072c,1689744450,GA,30329
Antibiotic Susceptibility,87186,MICROBE SUSCEPTIBLE MIC.,27c42f9df6a32aff,1295015279,GA,30303
Pap Smear,88142,CYTOPATH C/V THIN LAYER.,a090692640b320d9,1689744450,GA,30329
Forearm X-Ray,73090,X-RAY EXAM OF FOREARM.,a090692640b320d9,1134144801,MI,48202
Antibiotic Susceptibility,87186,MICROBE SUSCEPTIBLE MIC.,db14a65f7ded3c89,1760402424,GA,30701
Special Stains,88312,SPECIAL STAINS GROUP 1.,6ee5971f072d002c,1801800594,CO,80210
Muscle Test,95886,MUSC TEST DONE W/N TEST COMP.,db14a65f7ded3c89,1760402424,GA,30701
PSA Test,84153,ASSAY OF PSA TOTAL.,6ee5971f072d002c,1962461681,GA,30309
Rib X-Ray,71101,X-RAY EXAM UNILAT RIBS/CHEST.,6ee5971f072d002c,1285641514,NY,11040
Chest X-Ray,71046,CHEST X-RAY.,db14a65f7ded3c89,1760402424,GA,30701
Vascular Study,93970,EXTREMITY STUDY.,db14a65f7ded3c89,1750776571,GA,30705
Abdominal Ultrasound,76770,US EXAM ABDO BACK WALL COMP.,27c42f9df6a32aff,1689624686,CO,80204
Pap Smear,88142,CYTOPATH C/V THIN LAYER.,a090692640b320d9,1134144801,MI,48202
Muscle Test,95886,MUSC TEST DONE W/N TEST COMP.,db14a65f7ded3c89,1851346720,KY,41101
Pregnancy Ultrasound,76813,OB US NUCHAL MEAS 1 GEST.,6ee5971f072d002c,1962461681,GA,30309
Wrist X-Ray,73100,X-RAY EXAM OF WRIST.,27c42f9df6a32aff,1962461681,GA,30309
Cystoscopy,52000,CYSTOSCOPY.,a60f0f1a33a5072c,1194706655,AZ,85364
Pap Smear,88142,CYTOPATH C/V THIN LAYER.,db14a65f7ded3c89,1063406551,CA,95128
Uroflowmetry,51741,ELECTRO-UROFLOWMETRY FIRST.,a090692640b320d9,1548202641,MA,02215
Toe X-Ray,73660,X-RAY EXAM OF TOE(S).,a090692640b320d9,1689744450,GA,30329
Antibiotic Susceptibility,87186,MICROBE SUSCEPTIBLE MIC.,4f0869e3721ddf18,1578778726,CT,06504
Colonoscopy,45385,COLONOSCOPY W/LESION REMOVAL.,27c42f9df6a32aff,1962461681,GA,30309
MMR Vaccine,90707,MMR VACCINE SC.,6ee5971f072d002c,1962461681,GA,30309
Cystoscopy,52310,CYSTOSCOPY AND TREATMENT.,db14a65f7ded3c89,1750776571,GA,30705
Immunoglobulin Assay,82784,ASSAY IGA/IGD/IGG/IGM EACH.,4f0869e3721ddf18,1770560294,GA,30329
H Pylori Breath Test,83013,H PYLORI (C-13) BREATH.,6ee5971f072d002c,1770560294,GA,30329
MRI Brain,70551,MRI BRAIN STEM W/O DYE.,27c42f9df6a32aff,1962461681,GA,30309
Office Visit,99214,OFFICE/OUTPATIENT VISIT EST.,4f0869e3721ddf18,1962461681,GA,30309
H Pylori Breath Test,83013,H PYLORI (C-13) BREATH.,6ee5971f072d002c,1285641514,NY,11040
Chest X-Ray,71046,CHEST X-RAY.,db14a65f7ded3c89,1851346720,KY,41101
Immunoglobulin Assay,82784,ASSAY IGA/IGD/IGG/IGM EACH.,a60f0f1a33a5072c,1952476988,NY,10467
Uroflowmetry,51741,ELECTRO-UROFLOWMETRY FIRST.,27c42f9df6a32aff,1295015279,GA,30303
Mammogram,77066,DX MAMMO INCL CAD BI.,db14a65f7ded3c89,1609869916,KY,41701
Colonoscopy,45385,COLONOSCOPY W/LESION REMOVAL.,a090692640b320d9,1548202641,MA,02215
Lipid Panel,83718,ASSAY OF LIPOPROTEIN.,db14a65f7ded3c89,1851346720,KY,41101
Rib X-Ray,71101,X-RAY EXAM UNILAT RIBS/CHEST.,6ee5971f072d002c,1962461681,GA,30309
Antibiotic Susceptibility,87186,MICROBE SUSCEPTIBLE MIC.,a090692640b320d9,1295015279,GA,30303
Upper Endoscopy,43235,EGD DIAGNOSTIC BRUSH WASH.,a090692640b320d9,1689744450,GA,30329
Abdominal Ultrasound,76770,US EXAM ABDO BACK WALL COMP.,6ee5971f072d002c,1770560294,GA,30329
Office Visit,99214,OFFICE/OUTPATIENT VISIT EST.,a090692640b320d9,1295015279,GA,30303
MRI Brain,70551,MRI BRAIN STEM W/O DYE.,27c42f9df6a32aff,1689624686,CO,80204
Wet Mount Smear,87210,SMEAR WET MOUNT SALINE/INK.,db14a65f7ded3c89,1063406551,CA,95128
Eye Exam,92004,EYE EXAM NEW PATIENT.,27c42f9df6a32aff,1962461681,GA,30309
Vasectomy,55250,EXCISION PROCEDURES ON THE VAS DEFERENS.,a60f0f1a33a5072c,1952476988,NY,10467
Chest X-Ray,71046,CHEST X-RAY.,a60f0f1a33a5072c,1194706655,AZ,85364
Office Visit,99214,OFFICE/OUTPATIENT VISIT EST.,6ee5971f072d002c,1770560294,GA,30329
Immunotherapy Injection,95115,IMMUNOTHERAPY ONE INJECTION.,a60f0f1a33a5072c,1770560294,GA,30329
Immunotherapy Injection,95115,IMMUNOTHERAPY ONE INJECTION.,a60f0f1a33a5072c,1679525919,OH,44195
Immunoglobulin Assay,82784,ASSAY IGA/IGD/IGG/IGM EACH.,4f0869e3721ddf18,1962461681,GA,30309
Immunoglobulin Assay,82784,ASSAY IGA/IGD/IGG/IGM EACH.,4f0869e3721ddf18,1578778726,CT,06504
Self Care Training,97535,SELF CARE MNGMENT TRAINING.,6ee5971f072d002c,1285641514,NY,11040
Self Care Training,97535,SELF CARE MNGMENT TRAINING.,6ee5971f072d002c,1821074196,CO,80303
Abdominal Ultrasound,76770,US EXAM ABDO BACK WALL COMP.,a090692640b320d9,1689744450,GA,30329
Vascular Study,93970,EXTREMITY STUDY.,db14a65f7ded3c89,1609869916,KY,41701
Thyroid Test,84480,ASSAY TRIIODOTHYRONINE (T3).,4f0869e3721ddf18,1962461681,GA,30309
Forearm X-Ray,73090,X-RAY EXAM OF FOREARM.,6ee5971f072d002c,1770560294,GA,30329
Antibiotic Susceptibility,87186,MICROBE SUSCEPTIBLE MIC.,db14a65f7ded3c89,1750776571,GA,30705
Vascular Study,93970,EXTREMITY STUDY.,6ee5971f072d002c,1962461681,GA,30309
Psych Evaluation,90791,PSYCH DIAGNOSTIC EVALUATION.,27c42f9df6a32aff,1144397134,CO,80909
Breathing Test,94010,BREATHING CAPACITY TEST.,6ee5971f072d002c,1285641514,NY,11040
Pregnancy Ultrasound,76813,OB US NUCHAL MEAS 1 GEST.,4f0869e3721ddf18,1770560294,GA,30329
Cystoscopy,52310,CYSTOSCOPY AND TREATMENT.,db14a65f7ded3c89,1609869916,KY,41701
Wet Mount Smear,87210,SMEAR WET MOUNT SALINE/INK.,db14a65f7ded3c89,1609869916,KY,41701
Self Care Training,97535,SELF CARE MNGMENT TRAINING.,6ee5971f072d002c,1770560294,GA,30329
Wet Mount Smear,87210,SMEAR WET MOUNT SALINE/INK.,db14a65f7ded3c89,1750776571,GA,30705
Self Care Training,97535,SELF CARE MNGMENT TRAINING.,a60f0f1a33a5072c,1770560294,GA,30329
Vasectomy,55250,EXCISION PROCEDURES ON THE VAS DEFERENS.,a60f0f1a33a5072c,1689744450,GA,30329
PSA Test,84153,ASSAY OF PSA TOTAL.,db14a65f7ded3c89,1851346720,KY,41101
MMRV Vaccine,90710,MMRV VACCINE SC.,4f0869e3721ddf18,1801992631,NY,10016
Office Visit,99214,OFFICE/OUTPATIENT VISIT EST.,a090692640b320d9,1023049236,MA,02114
Mammogram,77066,DX MAMMO INCL CAD BI.,a60f0f1a33a5072c,1770560294,GA,30329
Vascular Study,93970,EXTREMITY STUDY.,db14a65f7ded3c89,1851346720,KY,41101
Hernia Repair,49650,LAP ING HERNIA REPAIR INIT.,a60f0f1a33a5072c,1689744450,GA,30329
Pregnancy Ultrasound,76813,OB US NUCHAL MEAS 1 GEST.,a090692640b320d9,1134144801,MI,48202
Forearm X-Ray,73090,X-RAY EXAM OF FOREARM.,6ee5971f072d002c,1801800594,CO,80210
Office Visit,99214,OFFICE/OUTPATIENT VISIT EST.,4f0869e3721ddf18,1770560294,GA,30329
Colonoscopy,45385,COLONOSCOPY W/LESION REMOVAL.,27c42f9df6a32aff,1144397134,CO,80909
Office Visit,99214,OFFICE/OUTPATIENT VISIT EST.,4f0869e3721ddf18,1801992631,NY,10016
Chest X-Ray,71046,CHEST X-RAY.,27c42f9df6a32aff,1689624686,CO,80204
Cystoscopy,52310,CYSTOSCOPY AND TREATMENT.,a60f0f1a33a5072c,1689744450,GA,30329
Wet Mount Smear,87210,SMEAR WET MOUNT SALINE/INK.,a090692640b320d9,1689744450,GA,30329
Skin Lesion Injection,11900,INJECT SKIN LESIONS </W 7,a60f0f1a33a5072c,1770560294,GA,30329
Cystoscopy,52000,CYSTOSCOPY.,6ee5971f072d002c,1285641514,NY,11040
Antibiotic Susceptibility,87186,MICROBE SUSCEPTIBLE MIC.,27c42f9df6a32aff,1962461681,GA,30309
MMRV Vaccine,90710,MMRV VACCINE SC.,4f0869e3721ddf18,1578778726,CT,06504
Hepatitis B Vaccine,90746,HEPB VACCINE 3 DOSE ADULT IM.,4f0869e3721ddf18,1801992631,NY,10016
MMR Vaccine,90707,MMR VACCINE SC.,6ee5971f072d002c,1770560294,GA,30329
Forearm X-Ray,73090,X-RAY EXAM OF FOREARM.,6ee5971f072d002c,1285641514,NY,11040
MRI Abdomen,74181,MRI ABDOMEN W/O DYE.,6ee5971f072d002c,1285641514,NY,11040
Mammogram,77066,DX MAMMO INCL CAD BI.,27c42f9df6a32aff,1689624686,CO,80204
Blood Culture,87040,BLOOD CULTURE FOR BACTERIA.,6ee5971f072d002c,1770560294,GA,30329
Skin Lesion Injection,11900,INJECT SKIN LESIONS </W 7,a60f0f1a33a5072c,1952476988,NY,10467
Cystoscopy,52000,CYSTOSCOPY.,6ee5971f072d002c,1962461681,GA,30309
Abdominal Ultrasound,76770,US EXAM ABDO BACK WALL COMP.,a090692640b320d9,1548202641,MA,02215
Rib X-Ray,71101,X-RAY EXAM UNILAT RIBS/CHEST.,4f0869e3721ddf18,1578778726,CT,06504
Abdominal Ultrasound,76705,ECHO EXAM OF ABDOMEN.,4f0869e3721ddf18,1831151455,MA,01655
Hepatitis B Vaccine,90746,HEPB VACCINE 3 DOSE ADULT IM.,4f0869e3721ddf18,1770560294,GA,30329
Office Visit,99214,OFFICE/OUTPATIENT VISIT EST.,6ee5971f072d002c,1801800594,CO,80210
H Pylori Breath Test,83013,H PYLORI (C-13) BREATH.,6ee5971f072d002c,1962461681,GA,30309
Forearm X-Ray,73090,X-RAY EXAM OF FOREARM.,db14a65f7ded3c89,1750776571,GA,30705
PSA Test,84154,PSA (prostate specific antigen) measurement.,a090692640b320d9,1689744450,GA,30329
H Pylori Breath Test,83013,H PYLORI (C-13) BREATH.,a090692640b320d9,1548202641,MA,02215
Hepatitis B Vaccine,90746,HEPB VACCINE 3 DOSE ADULT IM.,27c42f9df6a32aff,1962461681,GA,30309
Self Care Training,97535,SELF CARE MNGMENT TRAINING.,27c42f9df6a32aff,1689747552,NM,87106
Eye Ultrasound,76514,ECHO EXAM OF EYE THICKNESS.,a60f0f1a33a5072c,1679525919,OH,44195
Pap Smear,88142,CYTOPATH C/V THIN LAYER.,27c42f9df6a32aff,1689747552,NM,87106
Muscle Test,95886,MUSC TEST DONE W/N TEST COMP.,4f0869e3721ddf18,1831151455,MA,01655
Breast Ultrasound,76642,ULTRASOUND BREAST LIMITED.,a60f0f1a33a5072c,1952476988,NY,10467
Colonoscopy,45385,COLONOSCOPY W/LESION REMOVAL.,4f0869e3721ddf18,1831151455,MA,01655
Breathing Test,94010,BREATHING CAPACITY TEST.,a090692640b320d9,1023049236,MA,02114
Antibiotic Susceptibility,87186,MICROBE SUSCEPTIBLE MIC.,a60f0f1a33a5072c,1679525919,OH,44195
Pap Smear,88142,CYTOPATH C/V THIN LAYER.,6ee5971f072d002c,1285641514,NY,11040
Thyroid Test,84480,ASSAY TRIIODOTHYRONINE (T3).,27c42f9df6a32aff,1295015279,GA,30303
Vasectomy,55250,EXCISION PROCEDURES ON THE VAS DEFERENS.,6ee5971f072d002c,1770560294,GA,30329
Immunotherapy Injection,95115,IMMUNOTHERAPY ONE INJECTION.,6ee5971f072d002c,1821074196,CO,80303
Immunoglobulin Assay,82784,ASSAY IGA/IGD/IGG/IGM EACH.,27c42f9df6a32aff,1962461681,GA,30309
PSA Test,84154,PSA (prostate specific antigen) measurement.,6ee5971f072d002c,1801800594,CO,80210
PSA Test,84154,PSA (prostate specific antigen) measurement.,6ee5971f072d002c,1770560294,GA,30329
Office Visit,99213,OFFICE/OUTPATIENT VISIT EST.,27c42f9df6a32aff,1962461681,GA,30309
Abdominal Ultrasound,76705,ECHO EXAM OF ABDOMEN.,a60f0f1a33a5072c,1952476988,NY,10467
Cystoscopy,52310,CYSTOSCOPY AND TREATMENT.,4f0869e3721ddf18,1962461681,GA,30309
Lipid Panel,83718,ASSAY OF LIPOPROTEIN.,4f0869e3721ddf18,1962461681,GA,30309
Immunoglobulin Assay,82784,ASSAY IGA/IGD/IGG/IGM EACH.,db14a65f7ded3c89,1063406551,CA,95128
Immunotherapy Injection,95115,IMMUNOTHERAPY ONE INJECTION.,a090692640b320d9,1689744450,GA,30329
Cystoscopy,52310,CYSTOSCOPY AND TREATMENT.,a090692640b320d9,1023049236,MA,02114
Antibiotic Susceptibility,87186,MICROBE SUSCEPTIBLE MIC.,a60f0f1a33a5072c,1194706655,AZ,85364
Blood Culture,87040,BLOOD CULTURE FOR BACTERIA.,a60f0f1a33a5072c,1952476988,NY,10467
MMRV Vaccine,90710,MMRV VACCINE SC.,6ee5971f072d002c,1770560294,GA,30329
Eye Exam,92004,EYE EXAM NEW PATIENT.,a60f0f1a33a5072c,1679525919,OH,44195
Self Care Training,97535,SELF CARE MNGMENT TRAINING.,27c42f9df6a32aff,1295015279,GA,30303
Colonoscopy,45385,COLONOSCOPY W/LESION REMOVAL.,4f0869e3721ddf18,1770560294,GA,30329
Wet Mount Smear,87210,SMEAR WET MOUNT SALINE/INK.,4f0869e3721ddf18,1801992631,NY,10016
MMR Vaccine,90707,MMR VACCINE SC.,4f0869e3721ddf18,1578778726,CT,06504
Abdominal Ultrasound,76770,US EXAM ABDO BACK WALL COMP.,db14a65f7ded3c89,1063406551,CA,95128