perf_test_user1@stage.local,62d76934-c88a-46ad-83b6-a085bb3c2afa
perf_test_user2@stage.local,b9015ef7-8380-4f17-9309-32e2b6358c84
perf_test_user3@stage.local,7d116b64-429f-4472-b8fb-025d095cb576
perf_test_user4@stage.local,737ff7a5-b548-4a71-840a-0b4be497236a
perf_test_user5@stage.local,e649a1b9-a90b-4376-9805-507908d3a8cd
perf_test_user7@stage.local,ff73d7f2-b7a6-4cda-911e-5ff9e93d9663
perf_test_user8@stage.local,f7d63949-a6a7-4103-a5e8-b24890899dd7
perf_test_user9@stage.local,a312d5eb-4023-4f18-b3b5-d8e27095fe4a
perf_test_user10@stage.local,76e8cf73-87a5-4e6d-a6ab-423db1f3790d
perf_test_user11@stage.local,abf568f8-30fe-4516-a2e8-8be86fecdd2b
perf_test_user12@stage.local,29a698c4-e4da-49a8-a20c-91d5567a7d51
perf_test_user13@stage.local,c5c097e0-49b5-41ab-9639-044c620c938e
perf_test_user14@stage.local,6d24f4e7-3d87-42c3-bfe1-10549413f381
perf_test_user15@stage.local,e717e127-b2a7-437d-aa41-c20802471238
perf_test_user16@stage.local,23baaf3d-1bbc-4e19-98f6-e8755ef4ca46
perf_test_user17@stage.local,3fa4db46-af12-425f-8888-fc15a55dd061
perf_test_user18@stage.local,ac63536f-eb55-47dd-a932-db9843aaad8d
perf_test_user19@stage.local,2549c230-aafa-4404-ad47-bf8ec43abebd
perf_test_user20@stage.local,627a5da3-d990-41a6-b0ce-be03f91e61de
perf_test_user21@stage.local,a03fd0bc-125b-4f27-952b-add3e05eb3da
perf_test_user22@stage.local,daeb9fcc-0f65-4388-9b31-87faf54dbe78
perf_test_user23@stage.local,0eabafc4-ec02-4a5b-bbed-71ac99a551cc
perf_test_user24@stage.local,33b49c8d-cd36-49f4-99b5-051cc29df42c
perf_test_user25@stage.local,1ea35ac8-21ab-4c0c-afd3-792be35dc3e9
perf_test_user26@stage.local,7571d02d-d48e-4b9e-8926-c03dfba91910
perf_test_user27@stage.local,e76abd26-90da-4af3-9e0a-bc10e4285dcc
perf_test_user28@stage.local,c1d982f9-7518-4533-b16d-a28633a997ac
perf_test_user29@stage.local,c57a991b-8e9b-4993-b36d-10ae35d04fa3
perf_test_user30@stage.local,5363ab30-353e-468f-a6e5-05380d4094b3
perf_test_user31@stage.local,6fed13f8-b2ca-4fab-8f11-45b30e1bb9b9
perf_test_user32@stage.local,3221ee67-263c-4c6f-8455-21b6660b363d
perf_test_user33@stage.local,0a76c8a2-8ab1-42fb-8e4e-dd9fd8464b2d
perf_test_user34@stage.local,b4171bf3-a58d-4c6f-843f-0de628181c3d
perf_test_user35@stage.local,ff9a056e-a27c-455c-ab52-b737ad434b31
perf_test_user36@stage.local,1e63c668-8dbe-46fd-887a-388a66830073
perf_test_user37@stage.local,8106a118-53cb-4153-9bbb-bc7097a6a9ad
perf_test_user38@stage.local,812bf520-43af-4589-8b19-61c83481acbb
perf_test_user39@stage.local,2c83195e-d76e-4148-8f68-84075cc73f82
perf_test_user40@stage.local,35e9aed4-fab6-42b6-973e-9ced9a6e3921
perf_test_user41@stage.local,7d8f99e3-7034-4d86-9f0d-0efd4c8bf9e0
perf_test_user42@stage.local,e3e4b038-82ef-4db1-acfa-099438d6f76e
perf_test_user43@stage.local,b401bcf3-e10e-40fe-8edf-1a6f938d3d96
perf_test_user44@stage.local,a98a7458-4048-401e-b1d7-506aa65a5a9a
perf_test_user45@stage.local,4f2e7ad5-070e-42a7-b32e-2a182eaab42a
perf_test_user46@stage.local,de0b28e8-313e-4a8f-9be3-a96db22ab7b0
perf_test_user47@stage.local,99e142ba-3801-4457-88ab-6a0cc96fab00
perf_test_user48@stage.local,168da10c-e305-4c6e-ac9f-4055ce922a4d
perf_test_user49@stage.local,dbb35479-2d38-4134-a128-18a3205ddf5f
perf_test_user50@stage.local,b6872711-53ac-42f5-b307-3463be361f2f
perf_test_user51@stage.local,f8b7e079-e256-4f62-8a5d-e79740f41780
perf_test_user52@stage.local,229f8dad-d2f5-4f5f-95bb-ef8bfa96a554
perf_test_user53@stage.local,a2f0e68d-8283-4b82-9081-8aceb2e05cd2
perf_test_user54@stage.local,a029e9ee-948d-4c26-b3c9-ae224376b806
perf_test_user55@stage.local,e057572c-1750-4eb1-963f-f7896eddde09
perf_test_user56@stage.local,9053ce3e-e86c-4942-91fb-2d7b19fe0de9
perf_test_user57@stage.local,a3abe3ca-aba8-4119-9eb4-e4fc43fd2ff3
perf_test_user58@stage.local,b715005a-73d1-4569-be7c-0ebaf6cd6af0
perf_test_user59@stage.local,a1456143-0928-40b0-9791-2d8e5bcf986d
perf_test_user60@stage.local,9d2fd085-1d3e-405b-b15b-630934d33895
perf_test_user61@stage.local,66ac7ea1-47fc-4638-854f-8fdd9445043a
perf_test_user62@stage.local,45b2c780-2735-47cd-b549-7b2c00da36f2
perf_test_user63@stage.local,fcde6a02-fc34-44d3-aac4-bf6ed4cb7ca1
perf_test_user64@stage.local,0e3d4866-9800-4df4-ae56-2985334e49cb
perf_test_user65@stage.local,10d6f912-3c88-40ce-8a22-ac7a3059dfbd
perf_test_user66@stage.local,bc714939-d3ec-456a-9ee8-73c2f6e869cd
perf_test_user67@stage.local,48bfa5ff-e0c8-4293-85d8-e3e6f237d24a
perf_test_user68@stage.local,13f91ed1-1264-4274-920b-27dc22fe9968
perf_test_user69@stage.local,9d2d438f-2fc8-4f99-a3d0-1bfe36122412
perf_test_user70@stage.local,0a71bb7b-75f6-4b92-b56f-bba69ffe588b
perf_test_user71@stage.local,427b25e0-6d21-41ba-b541-81eefabb21ea
perf_test_user72@stage.local,ddd4f4ac-0128-45f0-8587-82555f144897
perf_test_user73@stage.local,389e8267-7da8-4a7b-a87e-f8f4f7709485
perf_test_user74@stage.local,619af0a5-7ca0-4468-9466-3a62ab83e730
perf_test_user75@stage.local,0eaace35-c85c-44c5-a083-e7e72db7560b
perf_test_user76@stage.local,28e97cac-5faf-4189-81f6-2e6a0a382789
perf_test_user77@stage.local,37cd263e-3d94-4d5e-b7f1-d5d4a01f2dbc
perf_test_user78@stage.local,be7db6ac-45cf-4463-91ef-889b20f95e3e
perf_test_user79@stage.local,fd86835a-21fc-431e-9b31-88dabbbf3bac
perf_test_user80@stage.local,97f12d5f-2042-41da-b73e-b0ab9297753c
perf_test_user81@stage.local,3ec3bfa8-fbea-4b80-8173-2b97d3f33851
perf_test_user82@stage.local,8126bb56-c636-4c8b-8607-d1bf6ec46648
perf_test_user83@stage.local,340ed942-721c-4efb-97dc-21440815bd22
perf_test_user84@stage.local,0591fe6b-0b35-498c-bd97-1c34adc4dfe2
perf_test_user85@stage.local,1f469464-6b70-4cbc-8876-f21d769039b4
perf_test_user86@stage.local,5bfd88f5-6ac5-4c22-82c4-80324096c954
perf_test_user87@stage.local,be4d2d56-ffbc-47e5-b704-575632b64106
perf_test_user88@stage.local,92a61d54-fc35-4759-a83e-4470b4ab0467
perf_test_user89@stage.local,b9124c62-1655-4f03-9c7f-1a38d46ced90
perf_test_user90@stage.local,fdc2dfe7-acc2-4a2e-8364-ee21c989b90d
perf_test_user91@stage.local,e143bdd8-bcca-4a04-a400-12e7f1a87e59
perf_test_user92@stage.local,c1ed1f24-ddd0-4040-9983-344a0117659c
perf_test_user93@stage.local,5d8ee912-ad1e-4c17-a1ca-a6542de07219
perf_test_user94@stage.local,918596bc-63bf-47a1-b931-138d03f4877c
perf_test_user95@stage.local,034c3df9-2f46-4add-bcb2-dd863eea01b8
perf_test_user96@stage.local,49f79d37-fed9-49f3-97ac-993bdd0c5b62
perf_test_user97@stage.local,c8a2e823-367d-4c2b-9c8b-ac23385eaec5
perf_test_user98@stage.local,4b5c2678-807f-46ff-8d6c-7c7c4bcd5fb2
perf_test_user99@stage.local,ab096aa1-890e-490b-b002-f8fa00a9ccd5
perf_test_user100@stage.local,a8f7fd49-86a7-404b-9fad-47776076c340