email,userId,auth0_userId
perf_test_user1@uat.local,c83e6de0-a033-4b3a-890b-1eef45c4f7d8,auth0|6a173172d2c6960b99718eee
perf_test_user2@uat.local,9b1f826c-5d53-4b9c-b782-f5c8cfa14bfd,auth0|6a17545d8be5bc7821e00500
perf_test_user1@uat.local,c83e6de0-a033-4b3a-890b-1eef45c4f7d8,auth0|6a173172d2c6960b99718eee
perf_test_user2@uat.local,9b1f826c-5d53-4b9c-b782-f5c8cfa14bfd,auth0|6a17545d8be5bc7821e00500
perf_test_user3@uat.local,dec6fec4-68da-46fb-ba64-15a298565103,auth0|6a1757ead2c6960b99718ef3
perf_test_user4@uat.local,ad5b8d54-ac08-44f9-b367-50a3d334a725,auth0|6a1757ea8be5bc7821e00501
perf_test_user5@uat.local,8f803a23-551b-479a-bd1f-4d123d27ccc5,auth0|6a1757ebd2c6960b99718ef4
perf_test_user6@uat.local,718c2c01-3b7e-4595-8f9b-2d306da66e29,auth0|6a1757f0d2c6960b99718ef5
perf_test_user7@uat.local,0986b97c-92af-4d76-b5ba-05e78a982b17,auth0|6a1757f0d2c6960b99718ef6
perf_test_user8@uat.local,fc09186b-2a5c-41f8-98e4-de0e3921fa99,auth0|6a1757f18be5bc7821e00503
perf_test_user9@uat.local,afbbf1c0-ada5-4e8c-a84c-fe14bab0c66f,auth0|6a1757f68be5bc7821e00504
perf_test_user10@uat.local,5cb16ef9-5035-4bc5-8e96-41a6db252931,auth0|6a1757f6d2c6960b99718ef7
perf_test_user11@uat.local,d3c059cf-b51d-4df9-a1c1-da3026a4a748,auth0|6a1757f78be5bc7821e00505
perf_test_user12@uat.local,10b0eedb-8af7-4c9e-9357-f99192e41641,auth0|6a1757fcd2c6960b99718ef8
perf_test_user13@uat.local,ef7c4d88-ad6a-47e8-8d63-965412978d47,auth0|6a1757fc8be5bc7821e00506
perf_test_user14@uat.local,6c04c7dc-01a5-4390-8af2-32df96609a4c,auth0|6a1757fcd2c6960b99718ef9
perf_test_user15@uat.local,3c14d8f3-c480-4e91-ac28-ec32328fbd14,auth0|6a1758018be5bc7821e00507
perf_test_user16@uat.local,835a2a72-ec2a-4ec0-85ff-411bef212c12,auth0|6a175802d2c6960b99718efa
perf_test_user17@uat.local,2a8e2589-0de5-47d8-91ee-08b20740e7a6,auth0|6a1758028be5bc7821e00508
perf_test_user18@uat.local,0540b7c2-9559-4b8c-b03c-5f2eddf3fbfe,auth0|6a1758078be5bc7821e00509
perf_test_user19@uat.local,86b1615f-098b-4436-9dda-f0893930b421,auth0|6a175807d2c6960b99718efb
perf_test_user20@uat.local,8a698fc5-55bd-4485-87dd-36d88da03c7b,auth0|6a1758078be5bc7821e0050a
perf_test_user21@uat.local,a697f79d-d9c5-47d4-abb5-8f3f956eeb7b,auth0|6a17580c8be5bc7821e0050b
perf_test_user22@uat.local,25d1c826-23fb-4a3c-95b8-8112442f3b63,auth0|6a17580dd2c6960b99718efc
perf_test_user23@uat.local,697a735e-672b-44ec-af84-a25f8b59949c,auth0|6a17580d8be5bc7821e0050c
perf_test_user24@uat.local,53e940ea-0c0e-4bd9-bf95-7fb0c725802a,auth0|6a1758128be5bc7821e0050d
perf_test_user25@uat.local,f3a782d8-8940-4dc0-b8f0-b155fb15a01d,auth0|6a175813d2c6960b99718efd
perf_test_user26@uat.local,6fe1c394-d483-4377-86a5-3b1f452cf2e5,auth0|6a1758138be5bc7821e0050e
perf_test_user27@uat.local,b67e5c30-e8b8-4624-8da5-07b6075f40db,auth0|6a175818d2c6960b99718efe
perf_test_user28@uat.local,d0ddc067-feea-409f-b040-9b59caba8a9c,auth0|6a1758188be5bc7821e0050f
perf_test_user29@uat.local,cf184d03-2cb6-45d6-8d38-b6510fd32944,auth0|6a175818d2c6960b99718eff
perf_test_user30@uat.local,96112e94-af59-459a-9917-4ef7b48878ba,auth0|6a17581d8be5bc7821e00510
perf_test_user31@uat.local,75bb79cc-10bf-4e58-bb6c-25ca894398cb,auth0|6a17581ed2c6960b99718f00
perf_test_user32@uat.local,f58cf986-197c-47e2-b64f-d7b7fa2804c5,auth0|6a17581e8be5bc7821e00511
perf_test_user33@uat.local,34f83d1f-48ed-4204-9e31-07bb3cda8791,auth0|6a1758238be5bc7821e00512
perf_test_user34@uat.local,f9c0f8bd-ae3e-4bd1-9379-15bb675383b3,auth0|6a175823d2c6960b99718f01
perf_test_user35@uat.local,7edc2e43-ce46-4106-bfcf-11f1885bc266,auth0|6a1758248be5bc7821e00513
perf_test_user36@uat.local,6b1a9e56-5515-4176-b993-3916a8a3b9e0,auth0|6a175829d2c6960b99718f02
perf_test_user37@uat.local,10ca31c5-c8a5-462f-80e2-8807c54a2af0,auth0|6a175829d2c6960b99718f03
perf_test_user38@uat.local,b5ac75cd-ce08-4d00-a96d-d7489c719a58,auth0|6a1758298be5bc7821e00514
perf_test_user39@uat.local,6c4381aa-9946-4e01-babe-dd070e90d3f2,auth0|6a17582ed2c6960b99718f04
perf_test_user40@uat.local,0ad9aa71-0578-4e86-9d67-3ce9449cd520,auth0|6a17582f8be5bc7821e00515
perf_test_user41@uat.local,cf998ecb-8608-4273-bbd3-0292f9a03f70,auth0|6a17582f8be5bc7821e00516
perf_test_user42@uat.local,f6ee9da2-3d75-4fd2-a577-c5028583b046,auth0|6a1758348be5bc7821e00517
perf_test_user43@uat.local,d4b4fa66-cbca-4e47-bf34-b6af77ef0245,auth0|6a175834d2c6960b99718f05
perf_test_user44@uat.local,6cbabdac-5f85-4a5c-b22e-3c10280d3ee2,auth0|6a1758358be5bc7821e00518
perf_test_user45@uat.local,a09a3a2f-12b7-4cb7-b15a-6c2c63b08edb,auth0|6a1758398be5bc7821e00519
perf_test_user46@uat.local,40db078a-60b5-48b6-86b2-6476d147fca2,auth0|6a17583ad2c6960b99718f06
perf_test_user47@uat.local,5f28ddf7-9930-44f2-b602-1423a26043bb,auth0|6a17583ad2c6960b99718f07
perf_test_user48@uat.local,4f8ea9e8-1c13-4bbd-a737-3270ac426981,auth0|6a17583fd2c6960b99718f08
perf_test_user49@uat.local,e07a252a-69cb-475c-9574-447979eb66c0,auth0|6a17583fd2c6960b99718f09
perf_test_user50@uat.local,4beb6646-b38f-41be-9fbb-212300a9702f,auth0|6a1758408be5bc7821e0051a
perf_test_user51@uat.local,47b8e1a9-1afc-433b-9ef8-afb475838efb,auth0|6a175845d2c6960b99718f0a
perf_test_user52@uat.local,9b89bb68-d40f-4b7c-b543-a652be9a8e16,auth0|6a175845d2c6960b99718f0b
perf_test_user53@uat.local,bef9197b-d5e4-4f30-ab79-b7277a21f58a,auth0|6a1758468be5bc7821e0051b
perf_test_user54@uat.local,40ebbd82-bd3f-4d19-a0fb-2c76d5918a2a,auth0|6a17584b8be5bc7821e0051c
perf_test_user55@uat.local,07b56f46-c131-4f1d-8604-f099fc8bb09b,auth0|6a17584bd2c6960b99718f0c
perf_test_user56@uat.local,46d45142-b5c0-4e52-b31d-186acf01f4d5,auth0|6a17584b8be5bc7821e0051d
perf_test_user57@uat.local,ded360b6-f979-4585-a169-d67574ff7ee5,auth0|6a175850d2c6960b99718f0d
perf_test_user58@uat.local,2b2ae568-5ba7-41c3-ba5c-c7d272879fcd,auth0|6a1758508be5bc7821e0051e
perf_test_user59@uat.local,1c98f9e9-0a98-4f42-acc1-9a429019f9ce,auth0|6a175851d2c6960b99718f0e
perf_test_user60@uat.local,89e1341a-a0b6-492f-b1e3-b8c04b1050a7,auth0|6a1758568be5bc7821e0051f
perf_test_user61@uat.local,4291323e-c7cf-4fbf-aa07-347bdaa4bb8f,auth0|6a175856d2c6960b99718f0f
perf_test_user62@uat.local,8f5b0a04-73e5-430f-9600-cbc9958e2da9,auth0|6a1758568be5bc7821e00520
perf_test_user63@uat.local,e15d2032-cb65-42c9-b111-b86b88f094f2,auth0|6a17585c8be5bc7821e00521
perf_test_user64@uat.local,6bfa5f26-cc14-42cd-bfac-32c464e0d605,auth0|6a17585cd2c6960b99718f10
perf_test_user65@uat.local,c66f542f-fd78-424d-bed7-9b0aea173417,auth0|6a17585c8be5bc7821e00522
perf_test_user66@uat.local,0317e453-f93d-4316-a03b-89c22fb41b11,auth0|6a175861d2c6960b99718f11
perf_test_user67@uat.local,3a5e879d-a8e4-4d62-8fc5-42154b18a2a6,auth0|6a175862d2c6960b99718f12
perf_test_user68@uat.local,406b8ce9-9f6e-4cd2-b37a-8ed7a7bca864,auth0|6a1758628be5bc7821e00523
perf_test_user69@uat.local,b08aa9df-b4a8-4377-95ab-5ebfebcccca5,auth0|6a175867d2c6960b99718f13
perf_test_user70@uat.local,a18299b5-aef1-4758-9ee5-82e49cd13d3e,auth0|6a1758678be5bc7821e00524
perf_test_user71@uat.local,75d76d99-1c75-46b7-865e-bea75d67c40a,auth0|6a175867d2c6960b99718f14
perf_test_user72@uat.local,e8da8181-f643-4ae5-9670-7b0641f21a6a,auth0|6a17586dd2c6960b99718f15
perf_test_user73@uat.local,92f46149-b554-4758-ab1b-b087e8bea88f,auth0|6a17586d8be5bc7821e00525
perf_test_user74@uat.local,e383ed9d-00b9-448f-af45-9491e222bb84,auth0|6a17586dd2c6960b99718f16
perf_test_user75@uat.local,895e0100-5916-4f12-bab4-bd9fc415ad82,auth0|6a175872d2c6960b99718f17
perf_test_user76@uat.local,baa46fe0-6f54-4c88-be54-f571a3b3621f,auth0|6a1758738be5bc7821e00526
perf_test_user77@uat.local,b67f96ec-31f2-4705-afc8-178c63b6e7dd,auth0|6a175873d2c6960b99718f18
perf_test_user78@uat.local,07b85a53-a839-4236-8039-db1f46246963,auth0|6a1758788be5bc7821e00527
perf_test_user79@uat.local,a5a0f8b5-7719-4554-bdb0-3d35f3295b22,auth0|6a175879d2c6960b99718f19
perf_test_user80@uat.local,5ec142a0-c957-4206-a847-4be3010a05ec,auth0|6a1758798be5bc7821e00528
perf_test_user81@uat.local,731799a4-4dc6-4b7c-9295-8cb2f8b1828a,auth0|6a17587e8be5bc7821e00529
perf_test_user82@uat.local,dfc8a6b5-c3b2-41ce-9857-abc58311fd68,auth0|6a17587ed2c6960b99718f1a
perf_test_user83@uat.local,378f20fc-c43e-4fde-a8f8-34a0a2af8571,auth0|6a17587e8be5bc7821e0052a
perf_test_user84@uat.local,fae09754-5abf-4c8d-9332-970d04b7292c,auth0|6a1758838be5bc7821e0052b
perf_test_user85@uat.local,1bebc1cf-1c2c-490a-b96d-4f3d7c57e938,auth0|6a175884d2c6960b99718f1b
perf_test_user86@uat.local,a629cf87-671f-4e0e-b450-f419677f1835,auth0|6a1758848be5bc7821e0052c
perf_test_user87@uat.local,13a91e3e-cdc4-4429-abac-24ffb4e57de4,auth0|6a1758898be5bc7821e0052d
perf_test_user88@uat.local,b5442c8c-9ff6-4de4-80bf-f5710e01ff68,auth0|6a175889d2c6960b99718f1c
perf_test_user89@uat.local,5f5db1e5-f895-446a-bbb6-48b5138af31c,auth0|6a1758898be5bc7821e0052e
perf_test_user90@uat.local,90f036bb-82c3-41e2-bc3a-492b1563f035,auth0|6a17588e8be5bc7821e0052f
perf_test_user91@uat.local,c482cc99-4fec-4d3a-96a0-b691cd1ed5af,auth0|6a17588fd2c6960b99718f1d
perf_test_user92@uat.local,83144a4b-9314-4339-9db1-d21fac1dd153,auth0|6a17588f8be5bc7821e00530
perf_test_user93@uat.local,27d4a135-0784-4194-98b5-c431eb0938b6,auth0|6a1758948be5bc7821e00531
perf_test_user94@uat.local,cad01b32-dd4a-46c6-abe8-a00d572384c5,auth0|6a175894d2c6960b99718f1e
perf_test_user95@uat.local,09242c24-218a-4486-bebb-453fa91c7680,auth0|6a1758948be5bc7821e00532
perf_test_user96@uat.local,1f8b21fb-99aa-43f4-83d9-1e0ba777150d,auth0|6a1758998be5bc7821e00533
perf_test_user97@uat.local,955319b4-3e51-4434-bc8c-57b9be080332,auth0|6a17589ad2c6960b99718f1f
perf_test_user98@uat.local,92007abf-3421-4228-add1-3e1b7783eac6,auth0|6a17589a8be5bc7821e00534
perf_test_user99@uat.local,bdd84f02-8c6e-44aa-83e4-2b9ad6392644,auth0|6a17589f8be5bc7821e00535
perf_test_user100@uat.local,5f38d9e0-6cdb-463e-a465-049ee70e942c,auth0|6a17589fd2c6960b99718f20