member_delete_username,member_delete_userId
perf_test_user52@stage.local,229f8dad-d2f5-4f5f-95bb-ef8bfa96a554
perf_test_user53@stage.local,a2f0e68d-8283-4b82-9081-8aceb2e05cd2
perf_test_user54@stage.local,a029e9ee-948d-4c26-b3c9-ae224376b806
perf_test_user55@stage.local,e057572c-1750-4eb1-963f-f7896eddde09
perf_test_user56@stage.local,9053ce3e-e86c-4942-91fb-2d7b19fe0de9
perf_test_user57@stage.local,a3abe3ca-aba8-4119-9eb4-e4fc43fd2ff3
perf_test_user58@stage.local,b715005a-73d1-4569-be7c-0ebaf6cd6af0
perf_test_user59@stage.local,a1456143-0928-40b0-9791-2d8e5bcf986d
perf_test_user60@stage.local,9d2fd085-1d3e-405b-b15b-630934d33895
perf_test_user61@stage.local,66ac7ea1-47fc-4638-854f-8fdd9445043a
perf_test_user62@stage.local,45b2c780-2735-47cd-b549-7b2c00da36f2
perf_test_user63@stage.local,fcde6a02-fc34-44d3-aac4-bf6ed4cb7ca1
perf_test_user64@stage.local,0e3d4866-9800-4df4-ae56-2985334e49cb
perf_test_user65@stage.local,10d6f912-3c88-40ce-8a22-ac7a3059dfbd
perf_test_user66@stage.local,bc714939-d3ec-456a-9ee8-73c2f6e869cd
perf_test_user67@stage.local,48bfa5ff-e0c8-4293-85d8-e3e6f237d24a
perf_test_user68@stage.local,13f91ed1-1264-4274-920b-27dc22fe9968
perf_test_user69@stage.local,9d2d438f-2fc8-4f99-a3d0-1bfe36122412
perf_test_user70@stage.local,0a71bb7b-75f6-4b92-b56f-bba69ffe588b
perf_test_user71@stage.local,427b25e0-6d21-41ba-b541-81eefabb21ea
perf_test_user72@stage.local,ddd4f4ac-0128-45f0-8587-82555f144897
perf_test_user73@stage.local,389e8267-7da8-4a7b-a87e-f8f4f7709485
perf_test_user74@stage.local,619af0a5-7ca0-4468-9466-3a62ab83e730
perf_test_user75@stage.local,0eaace35-c85c-44c5-a083-e7e72db7560b
perf_test_user76@stage.local,28e97cac-5faf-4189-81f6-2e6a0a382789
perf_test_user77@stage.local,37cd263e-3d94-4d5e-b7f1-d5d4a01f2dbc
perf_test_user78@stage.local,be7db6ac-45cf-4463-91ef-889b20f95e3e
perf_test_user79@stage.local,fd86835a-21fc-431e-9b31-88dabbbf3bac
perf_test_user80@stage.local,97f12d5f-2042-41da-b73e-b0ab9297753c
perf_test_user81@stage.local,3ec3bfa8-fbea-4b80-8173-2b97d3f33851
perf_test_user82@stage.local,8126bb56-c636-4c8b-8607-d1bf6ec46648
perf_test_user83@stage.local,340ed942-721c-4efb-97dc-21440815bd22
perf_test_user84@stage.local,0591fe6b-0b35-498c-bd97-1c34adc4dfe2
perf_test_user85@stage.local,1f469464-6b70-4cbc-8876-f21d769039b4
perf_test_user86@stage.local,5bfd88f5-6ac5-4c22-82c4-80324096c954
perf_test_user87@stage.local,be4d2d56-ffbc-47e5-b704-575632b64106
perf_test_user88@stage.local,92a61d54-fc35-4759-a83e-4470b4ab0467
perf_test_user89@stage.local,b9124c62-1655-4f03-9c7f-1a38d46ced90
perf_test_user90@stage.local,fdc2dfe7-acc2-4a2e-8364-ee21c989b90d
perf_test_user91@stage.local,e143bdd8-bcca-4a04-a400-12e7f1a87e59
perf_test_user92@stage.local,c1ed1f24-ddd0-4040-9983-344a0117659c
perf_test_user93@stage.local,5d8ee912-ad1e-4c17-a1ca-a6542de07219
perf_test_user94@stage.local,918596bc-63bf-47a1-b931-138d03f4877c
perf_test_user95@stage.local,034c3df9-2f46-4add-bcb2-dd863eea01b8
perf_test_user96@stage.local,49f79d37-fed9-49f3-97ac-993bdd0c5b62
perf_test_user97@stage.local,c8a2e823-367d-4c2b-9c8b-ac23385eaec5
perf_test_user98@stage.local,4b5c2678-807f-46ff-8d6c-7c7c4bcd5fb2
perf_test_user99@stage.local,ab096aa1-890e-490b-b002-f8fa00a9ccd5
perf_test_user100@stage.local,a8f7fd49-86a7-404b-9fad-47776076c340