username,userId
perf_test_user1@uat.local,c83e6de0-a033-4b3a-890b-1eef45c4f7d8
perf_test_user2@uat.local,9b1f826c-5d53-4b9c-b782-f5c8cfa14bfd
perf_test_user3@uat.local,dec6fec4-68da-46fb-ba64-15a298565103
perf_test_user4@uat.local,ad5b8d54-ac08-44f9-b367-50a3d334a725
perf_test_user5@uat.local,8f803a23-551b-479a-bd1f-4d123d27ccc5
perf_test_user6@uat.local,718c2c01-3b7e-4595-8f9b-2d306da66e29
perf_test_user7@uat.local,0986b97c-92af-4d76-b5ba-05e78a982b17
perf_test_user8@uat.local,fc09186b-2a5c-41f8-98e4-de0e3921fa99
perf_test_user9@uat.local,afbbf1c0-ada5-4e8c-a84c-fe14bab0c66f
perf_test_user10@uat.local,5cb16ef9-5035-4bc5-8e96-41a6db252931
perf_test_user11@uat.local,d3c059cf-b51d-4df9-a1c1-da3026a4a748
perf_test_user12@uat.local,10b0eedb-8af7-4c9e-9357-f99192e41641
perf_test_user13@uat.local,ef7c4d88-ad6a-47e8-8d63-965412978d47
perf_test_user14@uat.local,6c04c7dc-01a5-4390-8af2-32df96609a4c
perf_test_user15@uat.local,3c14d8f3-c480-4e91-ac28-ec32328fbd14
perf_test_user16@uat.local,835a2a72-ec2a-4ec0-85ff-411bef212c12
perf_test_user17@uat.local,2a8e2589-0de5-47d8-91ee-08b20740e7a6
perf_test_user18@uat.local,0540b7c2-9559-4b8c-b03c-5f2eddf3fbfe
perf_test_user19@uat.local,86b1615f-098b-4436-9dda-f0893930b421
perf_test_user20@uat.local,8a698fc5-55bd-4485-87dd-36d88da03c7b
perf_test_user21@uat.local,a697f79d-d9c5-47d4-abb5-8f3f956eeb7b
perf_test_user22@uat.local,25d1c826-23fb-4a3c-95b8-8112442f3b63
perf_test_user23@uat.local,697a735e-672b-44ec-af84-a25f8b59949c
perf_test_user24@uat.local,53e940ea-0c0e-4bd9-bf95-7fb0c725802a
perf_test_user25@uat.local,f3a782d8-8940-4dc0-b8f0-b155fb15a01d